position,column,banking_name,source,training_median
0,F13,R_NON_CASH_CHQ_TXN_L7_14D,carried through from the extract,0.6
1,F14,R_NON_CASH_CHQ_TXN_CR_L7_14D,carried through from the extract,0.59
2,F15,R_NON_CASH_CHQ_TXN_DB_L7_14D,carried through from the extract,0.61
3,F16,R_NON_CASH_CHQ_AMT_L7_14D,carried through from the extract,0.74
4,F17,R_NON_CASH_CHQ_AMT_CR_L7_14D,carried through from the extract,0.72
5,F18,R_NON_CASH_CHQ_AMT_DB_L7_14D,carried through from the extract,0.75
6,F19,R_CI_NON_CASH_CHQ_TXN_L7_14D,carried through from the extract,0.59
7,F20,R_CI_NON_CASH_CHQ_TXN_CR_L7_14D,carried through from the extract,0.57
8,F21,R_CI_NON_CASH_CHQ_TXN_DB_L7_14D,carried through from the extract,0.6
9,F22,R_CI_NON_CASH_CHQ_AMT_L7_14D,carried through from the extract,0.72
10,F23,R_CI_NON_CASH_CHQ_AMT_CR_L7_14D,carried through from the extract,0.68
11,F24,R_CI_NON_CASH_CHQ_AMT_DB_L7_14D,carried through from the extract,0.73
12,F109,R_NON_CASH_CHQ_TXN_L14_31D,carried through from the extract,0.53
13,F110,R_NON_CASH_CHQ_TXN_CR_L14_31D,carried through from the extract,0.53
14,F111,R_NON_CASH_CHQ_TXN_DB_L14_31D,carried through from the extract,0.53
15,F112,R_NON_CASH_CHQ_AMT_L14_31D,carried through from the extract,0.67
16,F113,R_NON_CASH_CHQ_AMT_CR_L14_31D,carried through from the extract,0.67
17,F114,R_NON_CASH_CHQ_AMT_DB_L14_31D,carried through from the extract,0.66
18,F115,R_CI_NON_CASH_CHQ_TXN_L14_31D,carried through from the extract,0.53
19,F116,R_CI_NON_CASH_CHQ_TXN_CR_L14_31D,carried through from the extract,0.51
20,F117,R_CI_NON_CASH_CHQ_TXN_DB_L14_31D,carried through from the extract,0.53
21,F118,R_CI_NON_CASH_CHQ_AMT_L14_31D,carried through from the extract,0.65
22,F119,R_CI_NON_CASH_CHQ_AMT_CR_L14_31D,carried through from the extract,0.63
23,F120,R_CI_NON_CASH_CHQ_AMT_DB_L14_31D,carried through from the extract,0.64
24,F217,R_NON_CASH_CHQ_TXN_L7_31D,carried through from the extract,0.31
25,F218,R_NON_CASH_CHQ_TXN_CR_L7_31D,carried through from the extract,0.3
26,F219,R_NON_CASH_CHQ_TXN_DB_L7_31D,carried through from the extract,0.31
27,F220,R_NON_CASH_CHQ_AMT_L7_31D,carried through from the extract,0.44
28,F221,R_NON_CASH_CHQ_AMT_CR_L7_31D,carried through from the extract,0.41
29,F222,R_NON_CASH_CHQ_AMT_DB_L7_31D,carried through from the extract,0.45
30,F223,R_CI_NON_CASH_CHQ_TXN_L7_31D,carried through from the extract,0.3
31,F224,R_CI_NON_CASH_CHQ_TXN_CR_L7_31D,carried through from the extract,0.29
32,F225,R_CI_NON_CASH_CHQ_TXN_DB_L7_31D,carried through from the extract,0.31
33,F226,R_CI_NON_CASH_CHQ_AMT_L7_31D,carried through from the extract,0.42
34,F227,R_CI_NON_CASH_CHQ_AMT_CR_L7_31D,carried through from the extract,0.37
35,F228,R_CI_NON_CASH_CHQ_AMT_DB_L7_31D,carried through from the extract,0.43
36,F318,RA_NON_CASH_CHQ_TXN_L7_14D,carried through from the extract,1.0
37,F319,RA_NON_CASH_CHQ_TXN_CR_L7_14D,carried through from the extract,1.0
38,F320,RA_NON_CASH_CHQ_TXN_DB_L7_14D,carried through from the extract,1.0
39,F321,RA_NON_CASH_CHQ_AMT_L7_14D,carried through from the extract,1.07
40,F322,RA_NON_CASH_CHQ_AMT_CR_L7_14D,carried through from the extract,1.06
41,F323,RA_NON_CASH_CHQ_AMT_DB_L7_14D,carried through from the extract,1.1
42,F324,RA_CI_NON_CASH_CHQ_TXN_L7_14D,carried through from the extract,1.0
43,F325,RA_CI_NON_CASH_CHQ_TXN_CR_L7_14D,carried through from the extract,1.0
44,F326,RA_CI_NON_CASH_CHQ_TXN_DB_L7_14D,carried through from the extract,1.0
45,F327,RA_CI_NON_CASH_CHQ_AMT_L7_14D,carried through from the extract,1.08
46,F328,RA_CI_NON_CASH_CHQ_AMT_CR_L7_14D,carried through from the extract,1.07
47,F329,RA_CI_NON_CASH_CHQ_AMT_DB_L7_14D,carried through from the extract,1.1
48,F418,RA_NON_CASH_CHQ_TXN_L14_31D,carried through from the extract,1.0
49,F419,RA_NON_CASH_CHQ_TXN_CR_L14_31D,carried through from the extract,1.0
50,F420,RA_NON_CASH_CHQ_TXN_DB_L14_31D,carried through from the extract,1.0
51,F421,RA_NON_CASH_CHQ_AMT_L14_31D,carried through from the extract,1.08
52,F422,RA_NON_CASH_CHQ_AMT_CR_L14_31D,carried through from the extract,1.08
53,F423,RA_NON_CASH_CHQ_AMT_DB_L14_31D,carried through from the extract,1.08
54,F424,RA_CI_NON_CASH_CHQ_TXN_L14_31D,carried through from the extract,1.0
55,F425,RA_CI_NON_CASH_CHQ_TXN_CR_14_31D,carried through from the extract,1.0
56,F426,RA_CI_NON_CASH_CHQ_TXN_DB_14_31D,carried through from the extract,1.0
57,F427,RA_CI_NON_CASH_CHQ_AMT_L14_31D,carried through from the extract,1.09
58,F428,RA_CI_NON_CASH_CHQ_AMT_CR_14_31D,carried through from the extract,1.09
59,F429,RA_CI_NON_CASH_CHQ_AMT_DB_14_31D,carried through from the extract,1.09
60,F520,RA_NON_CASH_CHQ_TXN_L7_31D,carried through from the extract,1.0
61,F521,RA_NON_CASH_CHQ_TXN_CR_L7_31D,carried through from the extract,1.0
62,F522,RA_NON_CASH_CHQ_TXN_DB_L7_31D,carried through from the extract,1.0
63,F523,RA_NON_CASH_CHQ_AMT_L7_31D,carried through from the extract,1.17
64,F524,RA_NON_CASH_CHQ_AMT_CR_L7_31D,carried through from the extract,1.13
65,F525,RA_NON_CASH_CHQ_AMT_DB_L7_31D,carried through from the extract,1.2
66,F526,RA_CI_NON_CASH_CHQ_TXN_L7_31D,carried through from the extract,1.0
67,F527,RA_CI_NON_CASH_CHQ_TXN_CR_L7_31D,carried through from the extract,1.0
68,F528,RA_CI_NON_CASH_CHQ_TXN_DB_L7_31D,carried through from the extract,1.0
69,F529,RA_CI_NON_CASH_CHQ_AMT_L7_31D,carried through from the extract,1.18
70,F530,RA_CI_NON_CASH_CHQ_AMT_CR_L7_31D,carried through from the extract,1.13
71,F531,RA_CI_NON_CASH_CHQ_AMT_DB_L7_31D,carried through from the extract,1.21
72,F610,MIN_CASH_TXNS_L7D,carried through from the extract,0.0
73,F611,MIN_CASH_TXNS_CR_L7D,carried through from the extract,0.0
74,F612,MIN_CASH_TXNS_DB_L7D,carried through from the extract,0.0
75,F613,MIN_CASH_AMT_L7D,carried through from the extract,0.0
76,F614,MIN_CASH_AMT_CR_L7D,carried through from the extract,0.0
77,F615,MIN_CASH_AMT_DB_L7D,carried through from the extract,0.0
78,F622,MIN_NON_CASH_CHQ_TXNS_L7D,carried through from the extract,1.0
79,F623,MIN_NON_CASH_CHQ_TXNS_CR_L7D,carried through from the extract,0.0
80,F624,MIN_NON_CASH_CHQ_TXNS_DB_L7D,carried through from the extract,0.0
81,F625,MIN_NON_CASH_CHQ_AMT_L7D,carried through from the extract,2.0
82,F626,MIN_NON_CASH_CHQ_AMT_CR_L7D,carried through from the extract,0.0
83,F627,MIN_NON_CASH_CHQ_AMT_DB_L7D,carried through from the extract,0.0
84,F628,MIN_CI_NON_CASH_CHQ_TXNS_L7D,carried through from the extract,1.0
85,F629,MIN_CI_NON_CASH_CHQ_TXNS_CR_L7D,carried through from the extract,0.0
86,F630,MIN_CI_NON_CASH_CHQ_TXNS_DB_L7D,carried through from the extract,0.0
87,F631,MIN_CI_NON_CASH_CHQ_AMT_L7D,carried through from the extract,1.0
88,F632,MIN_CI_NON_CASH_CHQ_AMT_CR_L7D,carried through from the extract,0.0
89,F633,MIN_CI_NON_CASH_CHQ_AMT_DB_L7D,carried through from the extract,0.0
90,F664,MIN_ELEC_XFER_TXNS_L7D,carried through from the extract,0.0
91,F665,MIN_ELEC_XFER_TXNS_CR_L7D,carried through from the extract,0.0
92,F666,MIN_ELEC_XFER_TXNS_DB_L7D,carried through from the extract,0.0
93,F667,MIN_ELEC_XFER_AMT_L7D,carried through from the extract,0.0
94,F668,MIN_ELEC_XFER_AMT_CR_L7D,carried through from the extract,0.0
95,F669,MIN_ELEC_XFER_AMT_DB_L7D,carried through from the extract,0.0
96,F670,MIN_UPI_XFER_TXNS_L7D,carried through from the extract,0.0
97,F671,MIN_UPI_TXNS_CR_L7D,carried through from the extract,0.0
98,F672,MIN_UPI_TXNS_DB_L7D,carried through from the extract,0.0
99,F673,MIN_UPI_XFER_AMT_L7D,carried through from the extract,0.0
100,F674,MIN_UPI_AMT_CR_L7D,carried through from the extract,0.0
101,F675,MIN_UPI_AMT_DB_L7D,carried through from the extract,0.0
102,F676,MIN_NET_BNKING_TXNS_L7D,carried through from the extract,0.0
103,F677,MIN_NET_BNKING_TXNS_CR_L7D,carried through from the extract,0.0
104,F678,MIN_NET_BNKING_TXNS_DB_L7D,carried through from the extract,0.0
105,F682,MIN_MOB_BNKING_TXNS_L7D,carried through from the extract,0.0
106,F683,MIN_MBNKING_TXNS_CR_L7D,carried through from the extract,0.0
107,F684,MIN_MBNKING_TXNS_DB_L7D,carried through from the extract,0.0
108,F685,MIN_MOB_BNKING_AMT_L7D,carried through from the extract,0.0
109,F687,MIN_MBNKING_AMT_DB_L7D,carried through from the extract,0.0
110,F706,MIN_LOAN_TXNS_L7D,carried through from the extract,0.0
111,F707,MIN_LOAN_TXNS_CR_L7D,carried through from the extract,0.0
112,F708,MIN_LOAN_TXNS_DB_L7D,carried through from the extract,0.0
113,F709,MIN_LOAN_AMT_L7D,carried through from the extract,0.0
114,F710,MIN_LOAN_AMT_CR_L7D,carried through from the extract,0.0
115,F711,MIN_LOAN_AMT_DB_L7D,carried through from the extract,0.0
116,F712,MIN_STDNG_INSTR_L7D,carried through from the extract,0.0
117,F713,MIN_STDNG_INSTR_CR_TXNS_L7D,carried through from the extract,0.0
118,F714,MIN_STDNG_INSTR_DB_TXNS_L7D,carried through from the extract,0.0
119,F716,MIN_STDNG_INSTR_AMT_CR_L7D,carried through from the extract,0.0
120,F718,MIN_CASH_TXNS_L14D,carried through from the extract,0.0
121,F719,MIN_CASH_TXNS_CR_L14D,carried through from the extract,0.0
122,F720,MIN_CASH_TXNS_DB_L14D,carried through from the extract,0.0
123,F721,MIN_CASH_AMT_L14D,carried through from the extract,0.0
124,F722,MIN_CASH_AMT_CR_L14D,carried through from the extract,0.0
125,F723,MIN_CASH_AMT_DB_L14D,carried through from the extract,0.0
126,F730,MIN_NON_CASH_CHQ_TXNS_L14D,carried through from the extract,1.0
127,F731,MIN_NON_CASH_CHQ_TXNS_CR_L14D,carried through from the extract,0.0
128,F732,MIN_NON_CASH_CHQ_TXNS_DB_L14D,carried through from the extract,0.0
129,F735,MIN_NON_CASH_CHQ_AMT_DB_L14D,carried through from the extract,0.0
130,F736,MIN_CI_NON_CASH_CHQ_TXNS_L14D,carried through from the extract,0.0
131,F737,MIN_CI_NON_CASH_CHQ_TXNS_CR_L14D,carried through from the extract,0.0
132,F738,MIN_CI_NON_CASH_CHQ_TXNS_DB_L14D,carried through from the extract,0.0
133,F739,MIN_CI_NON_CASH_CHQ_AMT_L14D,carried through from the extract,0.0
134,F741,MIN_CI_NON_CASH_CHQ_AMT_DB_L14D,carried through from the extract,0.0
135,F772,MIN_ELEC_XFER_TXNS_L14D,carried through from the extract,0.0
136,F773,MIN_ELEC_XFER_TXNS_CR_L14D,carried through from the extract,0.0
137,F774,MIN_ELEC_XFER_TXNS_DB_L14D,carried through from the extract,0.0
138,F775,MIN_ELEC_XFER_AMT_L14D,carried through from the extract,0.0
139,F778,MIN_UPI_XFER_TXNS_L14D,carried through from the extract,0.0
140,F779,MIN_UPI_TXNS_CR_L14D,carried through from the extract,0.0
141,F780,MIN_UPI_TXNS_DB_L14D,carried through from the extract,0.0
142,F781,MIN_UPI_XFER_AMT_L14D,carried through from the extract,0.0
143,F782,MIN_UPI_AMT_CR_L14D,carried through from the extract,0.0
144,F783,MIN_UPI_AMT_DB_L14D,carried through from the extract,0.0
145,F784,MIN_NET_BNKING_TXNS_L14D,carried through from the extract,0.0
146,F786,MIN_NET_BNKING_TXNS_DB_L14D,carried through from the extract,0.0
147,F787,MIN_NET_BNKING_AMT_L14D,carried through from the extract,0.0
148,F790,MIN_MOB_BNKING_TXNS_L14D,carried through from the extract,0.0
149,F792,MIN_MBNKING_TXNS_DB_L14D,carried through from the extract,0.0
150,F793,MIN_MOB_BNKING_AMT_L14D,carried through from the extract,0.0
151,F808,MIN_APB_TXNS_L14D,carried through from the extract,0.0
152,F814,MIN_LOAN_TXNS_L14D,carried through from the extract,0.0
153,F815,MIN_LOAN_TXNS_CR_L14D,carried through from the extract,0.0
154,F817,MIN_LOAN_AMT_L14D,carried through from the extract,0.0
155,F818,MIN_LOAN_AMT_CR_L14D,carried through from the extract,0.0
156,F826,MIN_CASH_TXNS_L31D,carried through from the extract,0.0
157,F827,MIN_CASH_TXNS_CR_L31D,carried through from the extract,0.0
158,F828,MIN_CASH_TXNS_DB_L31D,carried through from the extract,0.0
159,F829,MIN_CASH_AMT_L31D,carried through from the extract,0.0
160,F830,MIN_CASH_AMT_CR_L31D,carried through from the extract,0.0
161,F831,MIN_CASH_AMT_DB_L31D,carried through from the extract,0.0
162,F832,MIN_CHQ_TXNS_L31D,carried through from the extract,0.0
163,F838,MIN_NON_CASH_CHQ_TXNS_L31D,carried through from the extract,1.0
164,F839,MIN_NON_CASH_CHQ_TXNS_CR_L31D,carried through from the extract,0.0
165,F840,MIN_NON_CASH_CHQ_TXNS_DB_L31D,carried through from the extract,0.0
166,F841,MIN_NON_CASH_CHQ_AMT_L31D,carried through from the extract,1.0
167,F842,MIN_NON_CASH_CHQ_AMT_CR_L31D,carried through from the extract,0.0
168,F843,MIN_NON_CASH_CHQ_AMT_DB_L31D,carried through from the extract,0.0
169,F844,MIN_CI_NON_CASH_CHQ_TXNS_L31D,carried through from the extract,0.0
170,F845,MIN_CI_NON_CASH_CHQ_TXNS_CR_L31D,carried through from the extract,0.0
171,F846,MIN_CI_NON_CASH_CHQ_TXNS_DB_L31D,carried through from the extract,0.0
172,F847,MIN_CI_NON_CASH_CHQ_AMT_L31D,carried through from the extract,0.0
173,F849,MIN_CI_NON_CASH_CHQ_AMT_DB_L31D,carried through from the extract,0.0
174,F862,MIN_BI_FEES_CHRGS_TXNS_L31D,carried through from the extract,0.0
175,F880,MIN_ELEC_XFER_TXNS_L31D,carried through from the extract,0.0
176,F881,MIN_ELEC_XFER_TXNS_CR_L31D,carried through from the extract,0.0
177,F882,MIN_ELEC_XFER_TXNS_DB_L31D,carried through from the extract,0.0
178,F883,MIN_ELEC_XFER_AMT_L31D,carried through from the extract,0.0
179,F884,MIN_ELEC_XFER_AMT_CR_L31D,carried through from the extract,0.0
180,F885,MIN_ELEC_XFER_AMT_DB_L31D,carried through from the extract,0.0
181,F886,MIN_UPI_XFER_TXNS_L31D,carried through from the extract,0.0
182,F887,MIN_UPI_TXNS_CR_L31D,carried through from the extract,0.0
183,F888,MIN_UPI_TXNS_DB_L31D,carried through from the extract,0.0
184,F889,MIN_UPI_XFER_AMT_L31D,carried through from the extract,0.0
185,F898,MIN_MOB_BNKING_TXNS_L31D,carried through from the extract,0.0
186,F922,MIN_LOAN_TXNS_L31D,carried through from the extract,0.0
187,F925,MIN_LOAN_AMT_L31D,carried through from the extract,0.0
188,F934,MAX_CASH_TXNS_L7D,carried through from the extract,0.0
189,F935,MAX_CASH_TXNS_CR_L7D,carried through from the extract,0.0
190,F936,MAX_CASH_TXNS_DB_L7D,carried through from the extract,0.0
191,F937,MAX_CASH_AMT_L7D,carried through from the extract,0.0
192,F938,MAX_CASH_AMT_CR_L7D,carried through from the extract,0.0
193,F939,MAX_CASH_AMT_DB_L7D,carried through from the extract,0.0
194,F940,MAX_CHQ_TXNS_L7D,carried through from the extract,0.0
195,F941,MAX_CHQ_TXNS_CR_L7D,carried through from the extract,0.0
196,F942,MAX_CHQ_TXNS_DB_L7D,carried through from the extract,0.0
197,F943,MAX_CHQ_AMT_L7D,carried through from the extract,0.0
198,F944,MAX_CHQ_AMT_CR_L7D,carried through from the extract,0.0
199,F945,MAX_CHQ_AMT_DB_L7D,carried through from the extract,0.0
200,F946,MAX_NON_CASH_CHQ_TXNS_L7D,carried through from the extract,1.0
201,F947,MAX_NON_CASH_CHQ_TXNS_CR_L7D,carried through from the extract,1.0
202,F948,MAX_NON_CASH_CHQ_TXNS_DB_L7D,carried through from the extract,1.0
203,F949,MAX_NON_CASH_CHQ_AMT_L7D,carried through from the extract,150000.0
204,F950,MAX_NON_CASH_CHQ_AMT_CR_L7D,carried through from the extract,100000.0
205,F951,MAX_NON_CASH_CHQ_AMT_DB_L7D,carried through from the extract,90000.0
206,F952,MAX_CI_NON_CASH_CHQ_TXNS_L7D,carried through from the extract,1.0
207,F953,MAX_CI_NON_CASH_CHQ_TXNS_CR_L7D,carried through from the extract,1.0
208,F954,MAX_CI_NON_CASH_CHQ_TXNS_DB_L7D,carried through from the extract,1.0
209,F957,MAX_CI_NON_CASH_CHQ_AMT_DB_L7D,carried through from the extract,75000.0
210,F964,MAX_ATM_TXNS_L7D,carried through from the extract,0.0
211,F967,MAX_ATM_AMT_L7D,carried through from the extract,0.0
212,F970,MAX_BI_FEES_CHRGS_TXNS_L7D,carried through from the extract,0.0
213,F971,MAX_BI_FEES_CHRGS_TXNS_CR_L7D,carried through from the extract,0.0
214,F973,MAX_BI_FEES_CHRGS_AMT_L7D,carried through from the extract,0.0
215,F974,MAX_BI_FEES_CHRGS_AMT_CR_L7D,carried through from the extract,0.0
216,F975,MAX_BI_FEES_CHRGS_AMT_DB_L7D,carried through from the extract,0.0
217,F976,MAX_CI_FEES_CHRGS_TXNS_L7D,carried through from the extract,0.0
218,F977,MAX_CI_FEES_CHRGS_TXNS_CR_L7D,carried through from the extract,0.0
219,F979,MAX_CI_FEES_CHRGS_AMT_L7D,carried through from the extract,0.0
220,F980,MAX_CI_FEES_CHRGS_AMT_CR_L7D,carried through from the extract,0.0
221,F981,MAX_CI_FEES_CHRGS_AMT_DB_L7D,carried through from the extract,0.0
222,F982,MAX_GST_TXNS_L7D,carried through from the extract,0.0
223,F983,MAX_GST_TXNS_CR_L7D,carried through from the extract,0.0
224,F984,MAX_GST_TXNS_DB_L7D,carried through from the extract,0.0
225,F985,MAX_GST_AMT_L7D,carried through from the extract,0.0
226,F986,MAX_GST_AMT_CR_L7D,carried through from the extract,0.0
227,F988,MAX_ELEC_XFER_TXNS_L7D,carried through from the extract,1.0
228,F989,MAX_ELEC_XFER_TXNS_CR_L7D,carried through from the extract,1.0
229,F990,MAX_ELEC_XFER_TXNS_DB_L7D,carried through from the extract,0.0
230,F991,MAX_ELEC_XFER_AMT_L7D,carried through from the extract,50000.0
231,F993,MAX_ELEC_XFER_AMT_DB_L7D,carried through from the extract,0.0
232,F994,MAX_UPI_XFER_TXNS_L7D,carried through from the extract,1.0
233,F995,MAX_UPI_TXNS_CR_L7D,carried through from the extract,1.0
234,F996,MAX_UPI_TXNS_DB_L7D,carried through from the extract,1.0
235,F997,MAX_UPI_XFER_AMT_L7D,carried through from the extract,30000.0
236,F998,MAX_UPI_AMT_CR_L7D,carried through from the extract,7000.0
237,F999,MAX_UPI_AMT_DB_L7D,carried through from the extract,15881.5
238,F1000,MAX_NET_BNKING_TXNS_L7D,carried through from the extract,0.0
239,F1001,MAX_NET_BNKING_TXNS_CR_L7D,carried through from the extract,0.0
240,F1002,MAX_NET_BNKING_TXNS_DB_L7D,carried through from the extract,0.0
241,F1005,MAX_NET_BNKING_AMT_DB_L7D,carried through from the extract,0.0
242,F1006,MAX_MOB_BNKING_TXNS_L7D,carried through from the extract,0.0
243,F1007,MAX_MBNKING_TXNS_CR_L7D,carried through from the extract,0.0
244,F1008,MAX_MBNKING_TXNS_DB_L7D,carried through from the extract,0.0
245,F1009,MAX_MOB_BNKING_AMT_L7D,carried through from the extract,0.0
246,F1010,MAX_MBNKING_AMT_CR_L7D,carried through from the extract,0.0
247,F1011,MAX_MBNKING_AMT_DB_L7D,carried through from the extract,0.0
248,F1012,MAX_POS_PYMT_TXNS_L7D,carried through from the extract,0.0
249,F1013,MAX_POS_PYMT_TXNS_CR_L7D,carried through from the extract,0.0
250,F1015,MAX_POS_PYMT_AMT_L7D,carried through from the extract,0.0
251,F1016,MAX_POS_PYMT_AMT_CR_L7D,carried through from the extract,0.0
252,F1024,MAX_APB_TXNS_L7D,carried through from the extract,0.0
253,F1026,MAX_APB_TXNS_DB_L7D,carried through from the extract,0.0
254,F1027,MAX_APB_AMT_L7D,carried through from the extract,0.0
255,F1030,MAX_LOAN_TXNS_L7D,carried through from the extract,0.0
256,F1031,MAX_LOAN_TXNS_CR_L7D,carried through from the extract,0.0
257,F1032,MAX_LOAN_TXNS_DB_L7D,carried through from the extract,0.0
258,F1033,MAX_LOAN_AMT_L7D,carried through from the extract,0.0
259,F1034,MAX_LOAN_AMT_CR_L7D,carried through from the extract,0.0
260,F1036,MAX_STDNG_INSTR_L7D,carried through from the extract,0.0
261,F1037,MAX_STDNG_INSTR_CR_TXNS_L7D,carried through from the extract,0.0
262,F1038,MAX_STDNG_INSTR_DB_TXNS_L7D,carried through from the extract,0.0
263,F1039,MAX_STDNG_INSTR_AMT_L7D,carried through from the extract,0.0
264,F1041,MAX_STDNG_INSTR_AMT_DB_L7D,carried through from the extract,0.0
265,F1042,MAX_CASH_TXNS_L14D,carried through from the extract,0.0
266,F1043,MAX_CASH_TXNS_CR_L14D,carried through from the extract,0.0
267,F1044,MAX_CASH_TXNS_DB_L14D,carried through from the extract,0.0
268,F1045,MAX_CASH_AMT_L14D,carried through from the extract,0.0
269,F1046,MAX_CASH_AMT_CR_L14D,carried through from the extract,0.0
270,F1047,MAX_CASH_AMT_DB_L14D,carried through from the extract,0.0
271,F1048,MAX_CHQ_TXNS_L14D,carried through from the extract,0.0
272,F1049,MAX_CHQ_TXNS_CR_L14D,carried through from the extract,0.0
273,F1050,MAX_CHQ_TXNS_DB_L14D,carried through from the extract,0.0
274,F1051,MAX_CHQ_AMT_L14D,carried through from the extract,0.0
275,F1053,MAX_CHQ_AMT_DB_L14D,carried through from the extract,0.0
276,F1054,MAX_NON_CASH_CHQ_TXNS_L14D,carried through from the extract,1.0
277,F1055,MAX_NON_CASH_CHQ_TXNS_CR_L14D,carried through from the extract,1.0
278,F1056,MAX_NON_CASH_CHQ_TXNS_DB_L14D,carried through from the extract,1.0
279,F1057,MAX_NON_CASH_CHQ_AMT_L14D,carried through from the extract,198775.0
280,F1058,MAX_NON_CASH_CHQ_AMT_CR_L14D,carried through from the extract,123000.0
281,F1059,MAX_NON_CASH_CHQ_AMT_DB_L14D,carried through from the extract,99000.0
282,F1060,MAX_CI_NON_CASH_CHQ_TXNS_L14D,carried through from the extract,1.0
283,F1061,MAX_CI_NON_CASH_CHQ_TXNS_CR_L14D,carried through from the extract,1.0
284,F1062,MAX_CI_NON_CASH_CHQ_TXNS_DB_L14D,carried through from the extract,1.0
285,F1065,MAX_CI_NON_CASH_CHQ_AMT_DB_L14D,carried through from the extract,89226.0
286,F1072,MAX_ATM_TXNS_L14D,carried through from the extract,0.0
287,F1075,MAX_ATM_AMT_L14D,carried through from the extract,0.0
288,F1078,MAX_BI_FEES_CHRGS_TXNS_L14D,carried through from the extract,0.0
289,F1079,MAX_BI_FEES_CHRGS_TXNS_CR_L14D,carried through from the extract,0.0
290,F1081,MAX_BI_FEES_CHRGS_AMT_L14D,carried through from the extract,0.0
291,F1083,MAX_BI_FEES_CHRGS_AMT_DB_L14D,carried through from the extract,0.0
292,F1084,MAX_CI_FEES_CHRGS_TXNS_L14D,carried through from the extract,0.0
293,F1085,MAX_CI_FEES_CHRGS_TXNS_CR_L14D,carried through from the extract,0.0
294,F1087,MAX_CI_FEES_CHRGS_AMT_L14D,carried through from the extract,0.0
295,F1088,MAX_CI_FEES_CHRGS_AMT_CR_L14D,carried through from the extract,0.0
296,F1089,MAX_CI_FEES_CHRGS_AMT_DB_L14D,carried through from the extract,0.0
297,F1090,MAX_GST_TXNS_L14D,carried through from the extract,0.0
298,F1091,MAX_GST_TXNS_CR_L14D,carried through from the extract,0.0
299,F1092,MAX_GST_TXNS_DB_L14D,carried through from the extract,0.0
300,F1093,MAX_GST_AMT_L14D,carried through from the extract,0.0
301,F1094,MAX_GST_AMT_CR_L14D,carried through from the extract,0.0
302,F1095,MAX_GST_AMT_DB_L14D,carried through from the extract,0.0
303,F1096,MAX_ELEC_XFER_TXNS_L14D,carried through from the extract,1.0
304,F1097,MAX_ELEC_XFER_TXNS_CR_L14D,carried through from the extract,1.0
305,F1098,MAX_ELEC_XFER_TXNS_DB_L14D,carried through from the extract,0.0
306,F1099,MAX_ELEC_XFER_AMT_L14D,carried through from the extract,74026.0
307,F1100,MAX_ELEC_XFER_AMT_CR_L14D,carried through from the extract,36752.65
308,F1101,MAX_ELEC_XFER_AMT_DB_L14D,carried through from the extract,0.0
309,F1102,MAX_UPI_XFER_TXNS_L14D,carried through from the extract,1.0
310,F1103,MAX_UPI_TXNS_CR_L14D,carried through from the extract,1.0
311,F1105,MAX_UPI_XFER_AMT_L14D,carried through from the extract,36000.0
312,F1106,MAX_UPI_AMT_CR_L14D,carried through from the extract,13000.0
313,F1107,MAX_UPI_AMT_DB_L14D,carried through from the extract,20000.0
314,F1108,MAX_NET_BNKING_TXNS_L14D,carried through from the extract,1.0
315,F1109,MAX_NET_BNKING_TXNS_CR_L14D,carried through from the extract,1.0
316,F1110,MAX_NET_BNKING_TXNS_DB_L14D,carried through from the extract,0.0
317,F1114,MAX_MOB_BNKING_TXNS_L14D,carried through from the extract,0.0
318,F1115,MAX_MBNKING_TXNS_CR_L14D,carried through from the extract,0.0
319,F1116,MAX_MBNKING_TXNS_DB_L14D,carried through from the extract,0.0
320,F1117,MAX_MOB_BNKING_AMT_L14D,carried through from the extract,0.0
321,F1118,MAX_MBNKING_AMT_CR_L14D,carried through from the extract,0.0
322,F1119,MAX_MBNKING_AMT_DB_L14D,carried through from the extract,0.0
323,F1120,MAX_POS_PYMT_TXNS_L14D,carried through from the extract,0.0
324,F1121,MAX_POS_PYMT_TXNS_CR_L14D,carried through from the extract,0.0
325,F1123,MAX_POS_PYMT_AMT_L14D,carried through from the extract,0.0
326,F1124,MAX_POS_PYMT_AMT_CR_L14D,carried through from the extract,0.0
327,F1132,MAX_APB_TXNS_L14D,carried through from the extract,0.0
328,F1135,MAX_APB_AMT_L14D,carried through from the extract,0.0
329,F1138,MAX_LOAN_TXNS_L14D,carried through from the extract,0.0
330,F1139,MAX_LOAN_TXNS_CR_L14D,carried through from the extract,0.0
331,F1140,MAX_LOAN_TXNS_DB_L14D,carried through from the extract,0.0
332,F1141,MAX_LOAN_AMT_L14D,carried through from the extract,0.0
333,F1142,MAX_LOAN_AMT_CR_L14D,carried through from the extract,0.0
334,F1144,MAX_STDNG_INSTR_L14D,carried through from the extract,0.0
335,F1145,MAX_STDNG_INSTR_CR_TXNS_L14D,carried through from the extract,0.0
336,F1146,MAX_STDNG_INSTR_DB_TXNS_L14D,carried through from the extract,0.0
337,F1147,MAX_STDNG_INSTR_AMT_L14D,carried through from the extract,0.0
338,F1148,MAX_STDNG_INSTR_AMT_CR_L14D,carried through from the extract,0.0
339,F1149,MAX_STDNG_INSTR_AMT_DB_L14D,carried through from the extract,0.0
340,F1150,MAX_CASH_TXNS_L31D,carried through from the extract,0.0
341,F1151,MAX_CASH_TXNS_CR_L31D,carried through from the extract,0.0
342,F1152,MAX_CASH_TXNS_DB_L31D,carried through from the extract,0.0
343,F1153,MAX_CASH_AMT_L31D,carried through from the extract,0.0
344,F1154,MAX_CASH_AMT_CR_L31D,carried through from the extract,0.0
345,F1155,MAX_CASH_AMT_DB_L31D,carried through from the extract,0.0
346,F1156,MAX_CHQ_TXNS_L31D,carried through from the extract,0.0
347,F1157,MAX_CHQ_TXNS_CR_L31D,carried through from the extract,0.0
348,F1158,MAX_CHQ_TXNS_DB_L31D,carried through from the extract,0.0
349,F1159,MAX_CHQ_AMT_L31D,carried through from the extract,0.0
350,F1160,MAX_CHQ_AMT_CR_L31D,carried through from the extract,0.0
351,F1161,MAX_CHQ_AMT_DB_L31D,carried through from the extract,0.0
352,F1162,MAX_NON_CASH_CHQ_TXNS_L31D,carried through from the extract,1.0
353,F1163,MAX_NON_CASH_CHQ_TXNS_CR_L31D,carried through from the extract,1.0
354,F1164,MAX_NON_CASH_CHQ_TXNS_DB_L31D,carried through from the extract,1.0
355,F1165,MAX_NON_CASH_CHQ_AMT_L31D,carried through from the extract,205061.5
356,F1166,MAX_NON_CASH_CHQ_AMT_CR_L31D,carried through from the extract,170000.0
357,F1167,MAX_NON_CASH_CHQ_AMT_DB_L31D,carried through from the extract,100000.0
358,F1168,MAX_CI_NON_CASH_CHQ_TXNS_L31D,carried through from the extract,1.0
359,F1169,MAX_CI_NON_CASH_CHQ_TXNS_CR_L31D,carried through from the extract,1.0
360,F1170,MAX_CI_NON_CASH_CHQ_TXNS_DB_L31D,carried through from the extract,1.0
361,F1173,MAX_CI_NON_CASH_CHQ_AMT_DB_L31D,carried through from the extract,98705.0
362,F1180,MAX_ATM_TXNS_L31D,carried through from the extract,0.0
363,F1183,MAX_ATM_AMT_L31D,carried through from the extract,0.0
364,F1186,MAX_BI_FEES_CHRGS_TXNS_L31D,carried through from the extract,0.0
365,F1187,MAX_BI_FEES_CHRGS_TXNS_CR_L31D,carried through from the extract,0.0
366,F1189,MAX_BI_FEES_CHRGS_AMT_L31D,carried through from the extract,0.0
367,F1191,MAX_BI_FEES_CHRGS_AMT_DB_L31D,carried through from the extract,0.0
368,F1192,MAX_CI_FEES_CHRGS_TXNS_L31D,carried through from the extract,0.0
369,F1193,MAX_CI_FEES_CHRGS_TXNS_CR_L31D,carried through from the extract,0.0
370,F1195,MAX_CI_FEES_CHRGS_AMT_L31D,carried through from the extract,0.0
371,F1196,MAX_CI_FEES_CHRGS_AMT_CR_L31D,carried through from the extract,0.0
372,F1197,MAX_CI_FEES_CHRGS_AMT_DB_L31D,carried through from the extract,0.0
373,F1198,MAX_GST_TXNS_L31D,carried through from the extract,0.0
374,F1199,MAX_GST_TXNS_CR_L31D,carried through from the extract,0.0
375,F1201,MAX_GST_AMT_L31D,carried through from the extract,0.0
376,F1202,MAX_GST_AMT_CR_L31D,carried through from the extract,0.0
377,F1203,MAX_GST_AMT_DB_L31D,carried through from the extract,0.0
378,F1204,MAX_ELEC_XFER_TXNS_L31D,carried through from the extract,1.0
379,F1205,MAX_ELEC_XFER_TXNS_CR_L31D,carried through from the extract,1.0
380,F1206,MAX_ELEC_XFER_TXNS_DB_L31D,carried through from the extract,0.0
381,F1207,MAX_ELEC_XFER_AMT_L31D,carried through from the extract,100000.0
382,F1208,MAX_ELEC_XFER_AMT_CR_L31D,carried through from the extract,50000.0
383,F1209,MAX_ELEC_XFER_AMT_DB_L31D,carried through from the extract,0.0
384,F1210,MAX_UPI_XFER_TXNS_L31D,carried through from the extract,1.0
385,F1211,MAX_UPI_TXNS_CR_L31D,carried through from the extract,1.0
386,F1213,MAX_UPI_XFER_AMT_L31D,carried through from the extract,48450.0
387,F1214,MAX_UPI_AMT_CR_L31D,carried through from the extract,20000.0
388,F1215,MAX_UPI_AMT_DB_L31D,carried through from the extract,25000.0
389,F1216,MAX_NET_BNKING_TXNS_L31D,carried through from the extract,1.0
390,F1217,MAX_NET_BNKING_TXNS_CR_L31D,carried through from the extract,1.0
391,F1218,MAX_NET_BNKING_TXNS_DB_L31D,carried through from the extract,0.0
392,F1222,MAX_MOB_BNKING_TXNS_L31D,carried through from the extract,0.0
393,F1223,MAX_MBNKING_TXNS_CR_L31D,carried through from the extract,0.0
394,F1224,MAX_MBNKING_TXNS_DB_L31D,carried through from the extract,0.0
395,F1225,MAX_MOB_BNKING_AMT_L31D,carried through from the extract,0.0
396,F1226,MAX_MBNKING_AMT_CR_L31D,carried through from the extract,0.0
397,F1227,MAX_MBNKING_AMT_DB_L31D,carried through from the extract,0.0
398,F1228,MAX_POS_PYMT_TXNS_L31D,carried through from the extract,0.0
399,F1229,MAX_POS_PYMT_TXNS_CR_L31D,carried through from the extract,0.0
400,F1231,MAX_POS_PYMT_AMT_L31D,carried through from the extract,0.0
401,F1240,MAX_APB_TXNS_L31D,carried through from the extract,0.0
402,F1243,MAX_APB_AMT_L31D,carried through from the extract,0.0
403,F1246,MAX_LOAN_TXNS_L31D,carried through from the extract,0.0
404,F1247,MAX_LOAN_TXNS_CR_L31D,carried through from the extract,0.0
405,F1248,MAX_LOAN_TXNS_DB_L31D,carried through from the extract,0.0
406,F1250,MAX_LOAN_AMT_CR_L31D,carried through from the extract,0.0
407,F1252,MAX_STDNG_INSTR_L31D,carried through from the extract,0.0
408,F1253,MAX_STDNG_INSTR_CR_TXNS_L31D,carried through from the extract,0.0
409,F1254,MAX_STDNG_INSTR_DB_TXNS_L31D,carried through from the extract,0.0
410,F1255,MAX_STDNG_INSTR_AMT_L31D,carried through from the extract,0.0
411,F1257,MAX_STDNG_INSTR_AMT_DB_L31D,carried through from the extract,0.0
412,F1258,MM_CASH_TXNS_L7D,carried through from the extract,0.0
413,F1260,MM_CASH_TXNS_DB_L7D,carried through from the extract,0.0
414,F1270,MM_NON_CASH_CHQ_TXNS_L7D,carried through from the extract,0.0
415,F1271,MM_NON_CASH_CHQ_TXNS_CR_L7D,carried through from the extract,1.0
416,F1272,MM_NON_CASH_CHQ_TXNS_DB_L7D,carried through from the extract,1.0
417,F1276,MM_CI_NON_CASH_CHQ_TXNS_L7D,carried through from the extract,0.0
418,F1277,MM_CI_NON_CASH_CHQ_TXNS_CR_L7D,carried through from the extract,1.0
419,F1278,MM_CI_NON_CASH_CHQ_TXNS_DB_L7D,carried through from the extract,1.0
420,F1312,MM_ELEC_XFER_TXNS_L7D,carried through from the extract,1.0
421,F1318,MM_UPI_XFER_TXNS_L7D,carried through from the extract,1.0
422,F1320,MM_UPI_TXNS_DB_L7D,carried through from the extract,1.0
423,F1354,MM_LOAN_TXNS_L7D,carried through from the extract,0.0
424,F1356,MM_LOAN_TXNS_DB_L7D,carried through from the extract,0.0
425,F1358,MM_LOAN_AMT_CR_L7D,carried through from the extract,0.0
426,F1379,MM_NON_CASH_CHQ_TXNS_CR_L14D,carried through from the extract,1.0
427,F1380,MM_NON_CASH_CHQ_TXNS_DB_L14D,carried through from the extract,1.0
428,F1384,MM_CI_NON_CASH_CHQ_TXNS_L14D,carried through from the extract,1.0
429,F1385,MM_CI_NON_CASH_CHQ_TXNS_CR_L14D,carried through from the extract,1.0
430,F1386,MM_CI_NON_CASH_CHQ_TXNS_DB_L14D,carried through from the extract,1.0
431,F1426,MM_UPI_XFER_TXNS_L14D,carried through from the extract,1.0
432,F1487,MM_NON_CASH_CHQ_TXNS_CR_L31D,carried through from the extract,1.0
433,F1488,MM_NON_CASH_CHQ_TXNS_DB_L31D,carried through from the extract,1.0
434,F1492,MM_CI_NON_CASH_CHQ_TXNS_L31D,carried through from the extract,1.0
435,F1493,MM_CI_NON_CASH_CHQ_TXNS_CR_L31D,carried through from the extract,1.0
436,F1494,MM_CI_NON_CASH_CHQ_TXNS_DB_L31D,carried through from the extract,1.0
437,F1534,MM_UPI_XFER_TXNS_L31D,carried through from the extract,1.0
438,F1582,CASH_TXNS_L7D,carried through from the extract,0.0
439,F1584,CASH_TXNS_DB_L7D,carried through from the extract,0.0
440,F1585,CASH_AMT_L7D,carried through from the extract,0.0
441,F1587,CASH_AMT_DB_L7D,carried through from the extract,0.0
442,F1588,CHQ_TXNS_L7D,carried through from the extract,0.0
443,F1589,CHQ_TXNS_CR_L7D,carried through from the extract,0.0
444,F1590,CHQ_TXNS_DB_L7D,carried through from the extract,0.0
445,F1591,CHQ_AMT_L7D,carried through from the extract,0.0
446,F1594,NON_CASH_CHQ_TXNS_L7D,carried through from the extract,31.0
447,F1595,NON_CASH_CHQ_TXNS_CR_L7D,carried through from the extract,8.0
448,F1596,NON_CASH_CHQ_TXNS_DB_L7D,carried through from the extract,18.0
449,F1597,NON_CASH_CHQ_AMT_L7D,carried through from the extract,739406.105
450,F1603,CI_NON_CASH_CHQ_AMT_L7D,carried through from the extract,619998.285
451,F1604,CI_NON_CASH_CHQ_AMT_CR_L7D,carried through from the extract,255998.0
452,F1605,CI_NON_CASH_CHQ_AMT_DB_L7D,carried through from the extract,329315.74
453,F1612,ATM_TXNS_L7D,carried through from the extract,0.0
454,F1615,ATM_AMT_L7D,carried through from the extract,0.0
455,F1617,ATM_AMT_DB_L7D,carried through from the extract,0.0
456,F1618,BI_FEES_CHRGS_TXNS_L7D,carried through from the extract,0.0
457,F1619,BI_FEES_CHRGS_TXNS_CR_L7D,carried through from the extract,0.0
458,F1621,BI_FEES_CHRGS_AMT_L7D,carried through from the extract,0.0
459,F1624,CI_FEES_CHRGS_TXNS_L7D,carried through from the extract,0.0
460,F1625,CI_FEES_CHRGS_TXNS_CR_L7D,carried through from the extract,0.0
461,F1626,CI_FEES_CHRGS_TXNS_DB_L7D,carried through from the extract,0.0
462,F1627,CI_FEES_CHRGS_AMT_L7D,carried through from the extract,0.0
463,F1628,CI_FEES_CHRGS_AMT_CR_L7D,carried through from the extract,0.0
464,F1629,CI_FEES_CHRGS_AMT_DB_L7D,carried through from the extract,0.0
465,F1630,GST_TXNS_L7D,carried through from the extract,0.0
466,F1631,GST_TXNS_CR_L7D,carried through from the extract,0.0
467,F1632,GST_TXNS_DB_L7D,carried through from the extract,0.0
468,F1633,GST_AMT_L7D,carried through from the extract,0.0
469,F1634,GST_AMT_CR_L7D,carried through from the extract,0.0
470,F1635,GST_AMT_DB_L7D,carried through from the extract,0.0
471,F1636,ELEC_XFER_TXNS_L7D,carried through from the extract,2.0
472,F1637,ELEC_XFER_TXNS_CR_L7D,carried through from the extract,1.0
473,F1638,ELEC_XFER_TXNS_DB_L7D,carried through from the extract,0.0
474,F1639,ELEC_XFER_AMT_L7D,carried through from the extract,135756.5
475,F1640,ELEC_XFER_AMT_CR_L7D,carried through from the extract,48970.0
476,F1641,ELEC_XFER_AMT_DB_L7D,carried through from the extract,0.0
477,F1642,UPI_XFER_TXNS_L7D,carried through from the extract,18.0
478,F1643,UPI_TXNS_CR_L7D,carried through from the extract,2.0
479,F1644,UPI_TXNS_DB_L7D,carried through from the extract,9.0
480,F1645,UPI_XFER_AMT_L7D,carried through from the extract,150780.0
481,F1646,UPI_AMT_CR_L7D,carried through from the extract,13000.0
482,F1647,UPI_AMT_DB_L7D,carried through from the extract,71177.5
483,F1648,NET_BNKING_TXNS_L7D,carried through from the extract,0.0
484,F1649,NET_BNKING_TXNS_CR_L7D,carried through from the extract,0.0
485,F1650,NET_BNKING_TXNS_DB_L7D,carried through from the extract,0.0
486,F1651,NET_BNKING_AMT_L7D,carried through from the extract,0.0
487,F1652,NET_BNKING_AMT_CR_L7D,carried through from the extract,0.0
488,F1653,NET_BNKING_AMT_DB_L7D,carried through from the extract,0.0
489,F1654,MOB_BNKING_TXNS_L7D,carried through from the extract,0.0
490,F1655,MBNKING_TXNS_CR_L7D,carried through from the extract,0.0
491,F1657,MOB_BNKING_AMT_L7D,carried through from the extract,0.0
492,F1658,MBNKING_AMT_CR_L7D,carried through from the extract,0.0
493,F1659,MBNKING_AMT_DB_L7D,carried through from the extract,0.0
494,F1660,POS_PYMT_TXNS_L7D,carried through from the extract,0.0
495,F1661,POS_PYMT_TXNS_CR_L7D,carried through from the extract,0.0
496,F1663,POS_PYMT_AMT_L7D,carried through from the extract,0.0
497,F1664,POS_PYMT_AMT_CR_L7D,carried through from the extract,0.0
498,F1672,APB_TXNS_L7D,carried through from the extract,0.0
499,F1675,APB_AMT_L7D,carried through from the extract,0.0
500,F1676,APB_AMT_CR_L7D,carried through from the extract,0.0
501,F1678,LOAN_TXNS_L7D,carried through from the extract,0.0
502,F1679,LOAN_TXNS_CR_L7D,carried through from the extract,0.0
503,F1681,LOAN_AMT_L7D,carried through from the extract,0.0
504,F1682,LOAN_AMT_CR_L7D,carried through from the extract,0.0
505,F1684,STDNG_INSTR_L7D,carried through from the extract,0.0
506,F1685,STDNG_INSTR_CR_TXNS_L7D,carried through from the extract,0.0
507,F1686,STDNG_INSTR_DB_TXNS_L7D,carried through from the extract,0.0
508,F1687,STDNG_INSTR_AMT_L7D,carried through from the extract,0.0
509,F1688,STDNG_INSTR_AMT_CR_L7D,carried through from the extract,0.0
510,F1689,STDNG_INSTR_AMT_DB_L7D,carried through from the extract,0.0
511,F1692,CASH_TXNS_DB_L14D,carried through from the extract,0.0
512,F1695,CASH_AMT_DB_L14D,carried through from the extract,0.0
513,F1696,CHQ_TXNS_L14D,carried through from the extract,0.0
514,F1697,CHQ_TXNS_CR_L14D,carried through from the extract,0.0
515,F1698,CHQ_TXNS_DB_L14D,carried through from the extract,0.0
516,F1702,NON_CASH_CHQ_TXNS_L14D,carried through from the extract,54.0
517,F1703,NON_CASH_CHQ_TXNS_CR_L14D,carried through from the extract,15.0
518,F1704,NON_CASH_CHQ_TXNS_DB_L14D,carried through from the extract,31.0
519,F1705,NON_CASH_CHQ_AMT_L14D,carried through from the extract,1104724.75
520,F1711,CI_NON_CASH_CHQ_AMT_L14D,carried through from the extract,944303.735
521,F1712,CI_NON_CASH_CHQ_AMT_CR_L14D,carried through from the extract,448559.2
522,F1713,CI_NON_CASH_CHQ_AMT_DB_L14D,carried through from the extract,495772.305
523,F1720,ATM_TXNS_L14D,carried through from the extract,0.0
524,F1723,ATM_AMT_L14D,carried through from the extract,0.0
525,F1726,BI_FEES_CHRGS_TXNS_L14D,carried through from the extract,0.0
526,F1727,BI_FEES_CHRGS_TXNS_CR_L14D,carried through from the extract,0.0
527,F1729,BI_FEES_CHRGS_AMT_L14D,carried through from the extract,0.0
528,F1730,BI_FEES_CHRGS_AMT_CR_L14D,carried through from the extract,0.0
529,F1732,CI_FEES_CHRGS_TXNS_L14D,carried through from the extract,0.0
530,F1734,CI_FEES_CHRGS_TXNS_DB_L14D,carried through from the extract,0.0
531,F1735,CI_FEES_CHRGS_AMT_L14D,carried through from the extract,0.0
532,F1736,CI_FEES_CHRGS_AMT_CR_L14D,carried through from the extract,0.0
533,F1737,CI_FEES_CHRGS_AMT_DB_L14D,carried through from the extract,0.0
534,F1738,GST_TXNS_L14D,carried through from the extract,0.0
535,F1739,GST_TXNS_CR_L14D,carried through from the extract,0.0
536,F1740,GST_TXNS_DB_L14D,carried through from the extract,0.0
537,F1741,GST_AMT_L14D,carried through from the extract,0.0
538,F1742,GST_AMT_CR_L14D,carried through from the extract,0.0
539,F1743,GST_AMT_DB_L14D,carried through from the extract,0.0
540,F1746,ELEC_XFER_TXNS_DB_L14D,carried through from the extract,0.0
541,F1748,ELEC_XFER_AMT_CR_L14D,carried through from the extract,104335.5
542,F1749,ELEC_XFER_AMT_DB_L14D,carried through from the extract,0.0
543,F1750,UPI_XFER_TXNS_L14D,carried through from the extract,30.0
544,F1751,UPI_TXNS_CR_L14D,carried through from the extract,4.0
545,F1752,UPI_TXNS_DB_L14D,carried through from the extract,15.0
546,F1753,UPI_XFER_AMT_L14D,carried through from the extract,232586.95
547,F1754,UPI_AMT_CR_L14D,carried through from the extract,33559.945
548,F1755,UPI_AMT_DB_L14D,carried through from the extract,102929.725
549,F1758,NET_BNKING_TXNS_DB_L14D,carried through from the extract,0.0
550,F1761,NET_BNKING_AMT_DB_L14D,carried through from the extract,0.0
551,F1762,MOB_BNKING_TXNS_L14D,carried through from the extract,0.0
552,F1763,MBNKING_TXNS_CR_L14D,carried through from the extract,0.0
553,F1765,MOB_BNKING_AMT_L14D,carried through from the extract,0.0
554,F1766,MBNKING_AMT_CR_L14D,carried through from the extract,0.0
555,F1767,MBNKING_AMT_DB_L14D,carried through from the extract,0.0
556,F1768,POS_PYMT_TXNS_L14D,carried through from the extract,0.0
557,F1769,POS_PYMT_TXNS_CR_L14D,carried through from the extract,0.0
558,F1771,POS_PYMT_AMT_L14D,carried through from the extract,0.0
559,F1780,APB_TXNS_L14D,carried through from the extract,0.0
560,F1783,APB_AMT_L14D,carried through from the extract,0.0
561,F1786,LOAN_TXNS_L14D,carried through from the extract,0.0
562,F1787,LOAN_TXNS_CR_L14D,carried through from the extract,0.0
563,F1789,LOAN_AMT_L14D,carried through from the extract,0.0
564,F1790,LOAN_AMT_CR_L14D,carried through from the extract,0.0
565,F1792,STDNG_INSTR_L14D,carried through from the extract,0.0
566,F1793,STDNG_INSTR_CR_TXNS_L14D,carried through from the extract,0.0
567,F1794,STDNG_INSTR_DB_TXNS_L14D,carried through from the extract,0.0
568,F1796,STDNG_INSTR_AMT_CR_L14D,carried through from the extract,0.0
569,F1800,CASH_TXNS_DB_L31D,carried through from the extract,0.0
570,F1803,CASH_AMT_DB_L31D,carried through from the extract,0.0
571,F1804,CHQ_TXNS_L31D,carried through from the extract,0.0
572,F1805,CHQ_TXNS_CR_L31D,carried through from the extract,0.0
573,F1806,CHQ_TXNS_DB_L31D,carried through from the extract,0.0
574,F1807,CHQ_AMT_L31D,carried through from the extract,0.0
575,F1808,CHQ_AMT_CR_L31D,carried through from the extract,0.0
576,F1809,CHQ_AMT_DB_L31D,carried through from the extract,0.0
577,F1810,NON_CASH_CHQ_TXNS_L31D,carried through from the extract,106.0
578,F1811,NON_CASH_CHQ_TXNS_CR_L31D,carried through from the extract,28.0
579,F1812,NON_CASH_CHQ_TXNS_DB_L31D,carried through from the extract,61.0
580,F1819,CI_NON_CASH_CHQ_AMT_L31D,carried through from the extract,1465250.565
581,F1821,CI_NON_CASH_CHQ_AMT_DB_L31D,carried through from the extract,719886.48
582,F1828,ATM_TXNS_L31D,carried through from the extract,0.0
583,F1831,ATM_AMT_L31D,carried through from the extract,0.0
584,F1834,BI_FEES_CHRGS_TXNS_L31D,carried through from the extract,0.0
585,F1835,BI_FEES_CHRGS_TXNS_CR_L31D,carried through from the extract,0.0
586,F1837,BI_FEES_CHRGS_AMT_L31D,carried through from the extract,0.0
587,F1838,BI_FEES_CHRGS_AMT_CR_L31D,carried through from the extract,0.0
588,F1840,CI_FEES_CHRGS_TXNS_L31D,carried through from the extract,0.0
589,F1841,CI_FEES_CHRGS_TXNS_CR_L31D,carried through from the extract,0.0
590,F1842,CI_FEES_CHRGS_TXNS_DB_L31D,carried through from the extract,0.0
591,F1843,CI_FEES_CHRGS_AMT_L31D,carried through from the extract,0.0
592,F1845,CI_FEES_CHRGS_AMT_DB_L31D,carried through from the extract,0.0
593,F1846,GST_TXNS_L31D,carried through from the extract,0.0
594,F1847,GST_TXNS_CR_L31D,carried through from the extract,0.0
595,F1848,GST_TXNS_DB_L31D,carried through from the extract,0.0
596,F1849,GST_AMT_L31D,carried through from the extract,0.0
597,F1851,GST_AMT_DB_L31D,carried through from the extract,0.0
598,F1852,ELEC_XFER_TXNS_L31D,carried through from the extract,6.0
599,F1854,ELEC_XFER_TXNS_DB_L31D,carried through from the extract,0.0
600,F1858,UPI_XFER_TXNS_L31D,carried through from the extract,57.0
601,F1859,UPI_TXNS_CR_L31D,carried through from the extract,9.0
602,F1860,UPI_TXNS_DB_L31D,carried through from the extract,29.0
603,F1861,UPI_XFER_AMT_L31D,carried through from the extract,388567.0
604,F1863,UPI_AMT_DB_L31D,carried through from the extract,172549.535
605,F1864,NET_BNKING_TXNS_L31D,carried through from the extract,2.0
606,F1866,NET_BNKING_TXNS_DB_L31D,carried through from the extract,0.0
607,F1869,NET_BNKING_AMT_DB_L31D,carried through from the extract,0.0
608,F1870,MOB_BNKING_TXNS_L31D,carried through from the extract,0.0
609,F1871,MBNKING_TXNS_CR_L31D,carried through from the extract,0.0
610,F1873,MOB_BNKING_AMT_L31D,carried through from the extract,0.0
611,F1874,MBNKING_AMT_CR_L31D,carried through from the extract,0.0
612,F1875,MBNKING_AMT_DB_L31D,carried through from the extract,0.0
613,F1876,POS_PYMT_TXNS_L31D,carried through from the extract,0.0
614,F1879,POS_PYMT_AMT_L31D,carried through from the extract,0.0
615,F1888,APB_TXNS_L31D,carried through from the extract,0.0
616,F1891,APB_AMT_L31D,carried through from the extract,0.0
617,F1894,LOAN_TXNS_L31D,carried through from the extract,0.0
618,F1895,LOAN_TXNS_CR_L31D,carried through from the extract,0.0
619,F1897,LOAN_AMT_L31D,carried through from the extract,0.0
620,F1898,LOAN_AMT_CR_L31D,carried through from the extract,0.0
621,F1900,STDNG_INSTR_L31D,carried through from the extract,0.0
622,F1901,STDNG_INSTR_CR_TXNS_L31D,carried through from the extract,0.0
623,F1902,STDNG_INSTR_DB_TXNS_L31D,carried through from the extract,0.0
624,F1904,STDNG_INSTR_AMT_CR_L31D,carried through from the extract,0.0
625,F1906,AVG_CASH_TXNS_L7D,carried through from the extract,0.0
626,F1907,AVG_CASH_TXNS_CR_L7D,carried through from the extract,0.0
627,F1908,AVG_CASH_TXNS_DB_L7D,carried through from the extract,0.0
628,F1909,AVG_CASH_AMT_L7D,carried through from the extract,0.0
629,F1910,AVG_CASH_AMT_CR_L7D,carried through from the extract,0.0
630,F1911,AVG_CASH_AMT_DB_L7D,carried through from the extract,0.0
631,F1912,AVG_CHQ_TXNS_L7D,carried through from the extract,0.0
632,F1913,AVG_CHQ_TXNS_CR_L7D,carried through from the extract,0.0
633,F1914,AVG_CHQ_TXNS_DB_L7D,carried through from the extract,0.0
634,F1915,AVG_CHQ_AMT_L7D,carried through from the extract,0.0
635,F1916,AVG_CHQ_AMT_CR_L7D,carried through from the extract,0.0
636,F1917,AVG_CHQ_AMT_DB_L7D,carried through from the extract,0.0
637,F1918,AVG_NON_CASH_CHQ_TXNS_L7D,carried through from the extract,1.0
638,F1919,AVG_NON_CASH_CHQ_TXNS_CR_L7D,carried through from the extract,0.333333
639,F1920,AVG_NON_CASH_CHQ_TXNS_DB_L7D,carried through from the extract,0.62
640,F1921,AVG_NON_CASH_CHQ_AMT_L7D,carried through from the extract,25118.618255
641,F1922,AVG_NON_CASH_CHQ_AMT_CR_L7D,carried through from the extract,8956.020588
642,F1923,AVG_NON_CASH_CHQ_AMT_DB_L7D,carried through from the extract,9817.654572
643,F1924,AVG_CI_NON_CASH_CHQ_TXNS_L7D,carried through from the extract,1.0
644,F1925,AVG_CI_NON_CASH_CHQ_TXNS_CR_L7D,carried through from the extract,0.3
645,F1926,AVG_CI_NON_CASH_CHQ_TXNS_DB_L7D,carried through from the extract,0.594595
646,F1927,AVG_CI_NON_CASH_CHQ_AMT_L7D,carried through from the extract,18752.152395
647,F1928,AVG_CI_NON_CASH_CHQ_AMT_CR_L7D,carried through from the extract,5901.275269
648,F1929,AVG_CI_NON_CASH_CHQ_AMT_DB_L7D,carried through from the extract,8370.92
649,F1936,AVG_ATM_TXNS_L7D,carried through from the extract,0.0
650,F1939,AVG_ATM_AMT_L7D,carried through from the extract,0.0
651,F1942,AVG_BI_FEES_CHRGS_TXNS_L7D,carried through from the extract,0.0
652,F1945,AVG_BI_FEES_CHRGS_AMT_L7D,carried through from the extract,0.0
653,F1948,AVG_CI_FEES_CHRGS_TXNS_L7D,carried through from the extract,0.0
654,F1949,AVG_CI_FEES_CHRGS_TXNS_CR_L7D,carried through from the extract,0.0
655,F1951,AVG_CI_FEES_CHRGS_AMT_L7D,carried through from the extract,0.0
656,F1952,AVG_CI_FEES_CHRGS_AMT_CR_L7D,carried through from the extract,0.0
657,F1953,AVG_CI_FEES_CHRGS_AMT_DB_L7D,carried through from the extract,0.0
658,F1954,AVG_GST_TXNS_L7D,carried through from the extract,0.0
659,F1955,AVG_GST_TXNS_CR_L7D,carried through from the extract,0.0
660,F1956,AVG_GST_TXNS_DB_L7D,carried through from the extract,0.0
661,F1957,AVG_GST_AMT_L7D,carried through from the extract,0.0
662,F1958,AVG_GST_AMT_CR_L7D,carried through from the extract,0.0
663,F1959,AVG_GST_AMT_DB_L7D,carried through from the extract,0.0
664,F1960,AVG_ELEC_XFER_TXNS_L7D,carried through from the extract,0.097561
665,F1961,AVG_ELEC_XFER_TXNS_CR_L7D,carried through from the extract,0.04
666,F1962,AVG_ELEC_XFER_TXNS_DB_L7D,carried through from the extract,0.0
667,F1963,AVG_ELEC_XFER_AMT_L7D,carried through from the extract,3268.699129
668,F1965,AVG_ELEC_XFER_AMT_DB_L7D,carried through from the extract,0.0
669,F1966,AVG_UPI_XFER_TXNS_L7D,carried through from the extract,0.709677
670,F1967,AVG_UPI_TXNS_CR_L7D,carried through from the extract,0.084746
671,F1968,AVG_UPI_TXNS_DB_L7D,carried through from the extract,0.413793
672,F1969,AVG_UPI_XFER_AMT_L7D,carried through from the extract,3527.18125
673,F1970,AVG_UPI_AMT_CR_L7D,carried through from the extract,355.32967
674,F1971,AVG_UPI_AMT_DB_L7D,carried through from the extract,1675.892673
675,F1972,AVG_NET_BNKING_TXNS_L7D,carried through from the extract,0.0
676,F1973,AVG_NET_BNKING_TXNS_CR_L7D,carried through from the extract,0.0
677,F1974,AVG_NET_BNKING_TXNS_DB_L7D,carried through from the extract,0.0
678,F1975,AVG_NET_BNKING_AMT_L7D,carried through from the extract,0.0
679,F1977,AVG_NET_BNKING_AMT_DB_L7D,carried through from the extract,0.0
680,F1978,AVG_MOB_BNKING_TXNS_L7D,carried through from the extract,0.0
681,F1979,AVG_MBNKING_TXNS_CR_L7D,carried through from the extract,0.0
682,F1980,AVG_MBNKING_TXNS_DB_L7D,carried through from the extract,0.0
683,F1981,AVG_MOB_BNKING_AMT_L7D,carried through from the extract,0.0
684,F1982,AVG_MBNKING_AMT_CR_L7D,carried through from the extract,0.0
685,F1983,AVG_MBNKING_AMT_DB_L7D,carried through from the extract,0.0
686,F1984,AVG_POS_PYMT_TXNS_L7D,carried through from the extract,0.0
687,F1985,AVG_POS_PYMT_TXNS_CR_L7D,carried through from the extract,0.0
688,F1987,AVG_POS_PYMT_AMT_L7D,carried through from the extract,0.0
689,F1996,AVG_APB_TXNS_L7D,carried through from the extract,0.0
690,F1999,AVG_APB_AMT_L7D,carried through from the extract,0.0
691,F2002,AVG_LOAN_TXNS_L7D,carried through from the extract,0.0
692,F2003,AVG_LOAN_TXNS_CR_L7D,carried through from the extract,0.0
693,F2004,AVG_LOAN_TXNS_DB_L7D,carried through from the extract,0.0
694,F2005,AVG_LOAN_AMT_L7D,carried through from the extract,0.0
695,F2006,AVG_LOAN_AMT_CR_L7D,carried through from the extract,0.0
696,F2007,AVG_LOAN_AMT_DB_L7D,carried through from the extract,0.0
697,F2008,AVG_STDNG_INSTR_L7D,carried through from the extract,0.0
698,F2009,AVG_STDNG_INSTR_CR_TXNS_L7D,carried through from the extract,0.0
699,F2010,AVG_STDNG_INSTR_DB_TXNS_L7D,carried through from the extract,0.0
700,F2011,AVG_STDNG_INSTR_AMT_L7D,carried through from the extract,0.0
701,F2012,AVG_STDNG_INSTR_AMT_CR_L7D,carried through from the extract,0.0
702,F2013,AVG_STDNG_INSTR_AMT_DB_L7D,carried through from the extract,0.0
703,F2014,AVG_CASH_TXNS_L14D,carried through from the extract,0.0
704,F2015,AVG_CASH_TXNS_CR_L14D,carried through from the extract,0.0
705,F2016,AVG_CASH_TXNS_DB_L14D,carried through from the extract,0.0
706,F2020,AVG_CHQ_TXNS_L14D,carried through from the extract,0.0
707,F2021,AVG_CHQ_TXNS_CR_L14D,carried through from the extract,0.0
708,F2022,AVG_CHQ_TXNS_DB_L14D,carried through from the extract,0.0
709,F2023,AVG_CHQ_AMT_L14D,carried through from the extract,0.0
710,F2024,AVG_CHQ_AMT_CR_L14D,carried through from the extract,0.0
711,F2026,AVG_NON_CASH_CHQ_TXNS_L14D,carried through from the extract,1.0
712,F2027,AVG_NON_CASH_CHQ_TXNS_CR_L14D,carried through from the extract,0.333333
713,F2028,AVG_NON_CASH_CHQ_TXNS_DB_L14D,carried through from the extract,0.615385
714,F2029,AVG_NON_CASH_CHQ_AMT_L14D,carried through from the extract,23138.65088
715,F2031,AVG_NON_CASH_CHQ_AMT_DB_L14D,carried through from the extract,8893.061815
716,F2032,AVG_CI_NON_CASH_CHQ_TXNS_L14D,carried through from the extract,0.989899
717,F2033,AVG_CI_NON_CASH_CHQ_TXNS_CR_L14D,carried through from the extract,0.306452
718,F2034,AVG_CI_NON_CASH_CHQ_TXNS_DB_L14D,carried through from the extract,0.588235
719,F2035,AVG_CI_NON_CASH_CHQ_AMT_L14D,carried through from the extract,17510.69427
720,F2036,AVG_CI_NON_CASH_CHQ_AMT_CR_L14D,carried through from the extract,6151.248155
721,F2037,AVG_CI_NON_CASH_CHQ_AMT_DB_L14D,carried through from the extract,7739.861209
722,F2044,AVG_ATM_TXNS_L14D,carried through from the extract,0.0
723,F2047,AVG_ATM_AMT_L14D,carried through from the extract,0.0
724,F2050,AVG_BI_FEES_CHRGS_TXNS_L14D,carried through from the extract,0.0
725,F2051,AVG_BI_FEES_CHRGS_TXNS_CR_L14D,carried through from the extract,0.0
726,F2053,AVG_BI_FEES_CHRGS_AMT_L14D,carried through from the extract,0.0
727,F2054,AVG_BI_FEES_CHRGS_AMT_CR_L14D,carried through from the extract,0.0
728,F2056,AVG_CI_FEES_CHRGS_TXNS_L14D,carried through from the extract,0.0
729,F2059,AVG_CI_FEES_CHRGS_AMT_L14D,carried through from the extract,0.0
730,F2060,AVG_CI_FEES_CHRGS_AMT_CR_L14D,carried through from the extract,0.0
731,F2061,AVG_CI_FEES_CHRGS_AMT_DB_L14D,carried through from the extract,0.0
732,F2062,AVG_GST_TXNS_L14D,carried through from the extract,0.0
733,F2063,AVG_GST_TXNS_CR_L14D,carried through from the extract,0.0
734,F2064,AVG_GST_TXNS_DB_L14D,carried through from the extract,0.0
735,F2065,AVG_GST_AMT_L14D,carried through from the extract,0.0
736,F2066,AVG_GST_AMT_CR_L14D,carried through from the extract,0.0
737,F2067,AVG_GST_AMT_DB_L14D,carried through from the extract,0.0
738,F2068,AVG_ELEC_XFER_TXNS_L14D,carried through from the extract,0.095238
739,F2069,AVG_ELEC_XFER_TXNS_CR_L14D,carried through from the extract,0.045455
740,F2070,AVG_ELEC_XFER_TXNS_DB_L14D,carried through from the extract,0.0
741,F2071,AVG_ELEC_XFER_AMT_L14D,carried through from the extract,3701.811594
742,F2072,AVG_ELEC_XFER_AMT_CR_L14D,carried through from the extract,1399.557268
743,F2073,AVG_ELEC_XFER_AMT_DB_L14D,carried through from the extract,0.0
744,F2075,AVG_UPI_TXNS_CR_L14D,carried through from the extract,0.1
745,F2077,AVG_UPI_XFER_AMT_L14D,carried through from the extract,3251.029405
746,F2078,AVG_UPI_AMT_CR_L14D,carried through from the extract,543.276703
747,F2079,AVG_UPI_AMT_DB_L14D,carried through from the extract,1496.615845
748,F2080,AVG_NET_BNKING_TXNS_L14D,carried through from the extract,0.01433
749,F2081,AVG_NET_BNKING_TXNS_CR_L14D,carried through from the extract,0.006329
750,F2082,AVG_NET_BNKING_TXNS_DB_L14D,carried through from the extract,0.0
751,F2083,AVG_NET_BNKING_AMT_L14D,carried through from the extract,183.476705
752,F2085,AVG_NET_BNKING_AMT_DB_L14D,carried through from the extract,0.0
753,F2086,AVG_MOB_BNKING_TXNS_L14D,carried through from the extract,0.0
754,F2087,AVG_MBNKING_TXNS_CR_L14D,carried through from the extract,0.0
755,F2088,AVG_MBNKING_TXNS_DB_L14D,carried through from the extract,0.0
756,F2089,AVG_MOB_BNKING_AMT_L14D,carried through from the extract,0.0
757,F2090,AVG_MBNKING_AMT_CR_L14D,carried through from the extract,0.0
758,F2091,AVG_MBNKING_AMT_DB_L14D,carried through from the extract,0.0
759,F2092,AVG_POS_PYMT_TXNS_L14D,carried through from the extract,0.0
760,F2093,AVG_POS_PYMT_TXNS_CR_L14D,carried through from the extract,0.0
761,F2095,AVG_POS_PYMT_AMT_L14D,carried through from the extract,0.0
762,F2096,AVG_POS_PYMT_AMT_CR_L14D,carried through from the extract,0.0
763,F2104,AVG_APB_TXNS_L14D,carried through from the extract,0.0
764,F2107,AVG_APB_AMT_L14D,carried through from the extract,0.0
765,F2110,AVG_LOAN_TXNS_L14D,carried through from the extract,0.0
766,F2111,AVG_LOAN_TXNS_CR_L14D,carried through from the extract,0.0
767,F2112,AVG_LOAN_TXNS_DB_L14D,carried through from the extract,0.0
768,F2113,AVG_LOAN_AMT_L14D,carried through from the extract,0.0
769,F2114,AVG_LOAN_AMT_CR_L14D,carried through from the extract,0.0
770,F2115,AVG_LOAN_AMT_DB_L14D,carried through from the extract,0.0
771,F2116,AVG_STDNG_INSTR_L14D,carried through from the extract,0.0
772,F2117,AVG_STDNG_INSTR_CR_TXNS_L14D,carried through from the extract,0.0
773,F2118,AVG_STDNG_INSTR_DB_TXNS_L14D,carried through from the extract,0.0
774,F2119,AVG_STDNG_INSTR_AMT_L14D,carried through from the extract,0.0
775,F2120,AVG_STDNG_INSTR_AMT_CR_L14D,carried through from the extract,0.0
776,F2121,AVG_STDNG_INSTR_AMT_DB_L14D,carried through from the extract,0.0
777,F2122,AVG_CASH_TXNS_L31D,carried through from the extract,0.0
778,F2123,AVG_CASH_TXNS_CR_L31D,carried through from the extract,0.0
779,F2124,AVG_CASH_TXNS_DB_L31D,carried through from the extract,0.0
780,F2128,AVG_CHQ_TXNS_L31D,carried through from the extract,0.0
781,F2129,AVG_CHQ_TXNS_CR_L31D,carried through from the extract,0.0
782,F2130,AVG_CHQ_TXNS_DB_L31D,carried through from the extract,0.0
783,F2131,AVG_CHQ_AMT_L31D,carried through from the extract,0.0
784,F2132,AVG_CHQ_AMT_CR_L31D,carried through from the extract,0.0
785,F2134,AVG_NON_CASH_CHQ_TXNS_L31D,carried through from the extract,1.0
786,F2135,AVG_NON_CASH_CHQ_TXNS_CR_L31D,carried through from the extract,0.333333
787,F2136,AVG_NON_CASH_CHQ_TXNS_DB_L31D,carried through from the extract,0.618405
788,F2137,AVG_NON_CASH_CHQ_AMT_L31D,carried through from the extract,19904.299375
789,F2140,AVG_CI_NON_CASH_CHQ_TXNS_L31D,carried through from the extract,0.983051
790,F2141,AVG_CI_NON_CASH_CHQ_TXNS_CR_L31D,carried through from the extract,0.304878
791,F2142,AVG_CI_NON_CASH_CHQ_TXNS_DB_L31D,carried through from the extract,0.586434
792,F2143,AVG_CI_NON_CASH_CHQ_AMT_L31D,carried through from the extract,15203.34175
793,F2145,AVG_CI_NON_CASH_CHQ_AMT_DB_L31D,carried through from the extract,6783.642445
794,F2152,AVG_ATM_TXNS_L31D,carried through from the extract,0.0
795,F2155,AVG_ATM_AMT_L31D,carried through from the extract,0.0
796,F2158,AVG_BI_FEES_CHRGS_TXNS_L31D,carried through from the extract,0.0
797,F2159,AVG_BI_FEES_CHRGS_TXNS_CR_L31D,carried through from the extract,0.0
798,F2161,AVG_BI_FEES_CHRGS_AMT_L31D,carried through from the extract,0.0
799,F2162,AVG_BI_FEES_CHRGS_AMT_CR_L31D,carried through from the extract,0.0
800,F2164,AVG_CI_FEES_CHRGS_TXNS_L31D,carried through from the extract,0.0
801,F2165,AVG_CI_FEES_CHRGS_TXNS_CR_L31D,carried through from the extract,0.0
802,F2167,AVG_CI_FEES_CHRGS_AMT_L31D,carried through from the extract,0.0
803,F2168,AVG_CI_FEES_CHRGS_AMT_CR_L31D,carried through from the extract,0.0
804,F2169,AVG_CI_FEES_CHRGS_AMT_DB_L31D,carried through from the extract,0.0
805,F2170,AVG_GST_TXNS_L31D,carried through from the extract,0.0
806,F2171,AVG_GST_TXNS_CR_L31D,carried through from the extract,0.0
807,F2172,AVG_GST_TXNS_DB_L31D,carried through from the extract,0.0
808,F2173,AVG_GST_AMT_L31D,carried through from the extract,0.0
809,F2174,AVG_GST_AMT_CR_L31D,carried through from the extract,0.0
810,F2175,AVG_GST_AMT_DB_L31D,carried through from the extract,0.0
811,F2176,AVG_ELEC_XFER_TXNS_L31D,carried through from the extract,0.092918
812,F2177,AVG_ELEC_XFER_TXNS_CR_L31D,carried through from the extract,0.047619
813,F2178,AVG_ELEC_XFER_TXNS_DB_L31D,carried through from the extract,0.0
814,F2179,AVG_ELEC_XFER_AMT_L31D,carried through from the extract,3536.198138
815,F2183,AVG_UPI_TXNS_CR_L31D,carried through from the extract,0.110382
816,F2185,AVG_UPI_XFER_AMT_L31D,carried through from the extract,2984.110136
817,F2186,AVG_UPI_AMT_CR_L31D,carried through from the extract,614.134704
818,F2187,AVG_UPI_AMT_DB_L31D,carried through from the extract,1358.490133
819,F2188,AVG_NET_BNKING_TXNS_L31D,carried through from the extract,0.017241
820,F2189,AVG_NET_BNKING_TXNS_CR_L31D,carried through from the extract,0.01084
821,F2190,AVG_NET_BNKING_TXNS_DB_L31D,carried through from the extract,0.0
822,F2193,AVG_NET_BNKING_AMT_DB_L31D,carried through from the extract,0.0
823,F2194,AVG_MOB_BNKING_TXNS_L31D,carried through from the extract,0.0
824,F2195,AVG_MBNKING_TXNS_CR_L31D,carried through from the extract,0.0
825,F2196,AVG_MBNKING_TXNS_DB_L31D,carried through from the extract,0.0
826,F2197,AVG_MOB_BNKING_AMT_L31D,carried through from the extract,0.0
827,F2198,AVG_MBNKING_AMT_CR_L31D,carried through from the extract,0.0
828,F2199,AVG_MBNKING_AMT_DB_L31D,carried through from the extract,0.0
829,F2200,AVG_POS_PYMT_TXNS_L31D,carried through from the extract,0.0
830,F2203,AVG_POS_PYMT_AMT_L31D,carried through from the extract,0.0
831,F2212,AVG_APB_TXNS_L31D,carried through from the extract,0.0
832,F2215,AVG_APB_AMT_L31D,carried through from the extract,0.0
833,F2218,AVG_LOAN_TXNS_L31D,carried through from the extract,0.0
834,F2219,AVG_LOAN_TXNS_CR_L31D,carried through from the extract,0.0
835,F2220,AVG_LOAN_TXNS_DB_L31D,carried through from the extract,0.0
836,F2221,AVG_LOAN_AMT_L31D,carried through from the extract,0.0
837,F2222,AVG_LOAN_AMT_CR_L31D,carried through from the extract,0.0
838,F2223,AVG_LOAN_AMT_DB_L31D,carried through from the extract,0.0
839,F2224,AVG_STDNG_INSTR_L31D,carried through from the extract,0.0
840,F2225,AVG_STDNG_INSTR_CR_TXNS_L31D,carried through from the extract,0.0
841,F2226,AVG_STDNG_INSTR_DB_TXNS_L31D,carried through from the extract,0.0
842,F2227,AVG_STDNG_INSTR_AMT_L31D,carried through from the extract,0.0
843,F2228,AVG_STDNG_INSTR_AMT_CR_L31D,carried through from the extract,0.0
844,F2243,D_NON_CASH_CHQ_TXN_L7_14D,carried through from the extract,0.68
845,F2244,D_NON_CASH_CHQ_TXN_CR_L7_14D,carried through from the extract,0.67
846,F2245,D_NON_CASH_CHQ_TXN_DB_L7_14D,carried through from the extract,0.67
847,F2246,D_NON_CASH_CHQ_AMT_L7_14D,carried through from the extract,0.36
848,F2247,D_NON_CASH_CHQ_AMT_CR_L7_14D,carried through from the extract,0.37
849,F2248,D_NON_CASH_CHQ_AMT_DB_L7_14D,carried through from the extract,0.35
850,F2249,D_CI_NON_CASH_CHQ_TXN_L7_14D,carried through from the extract,0.69
851,F2250,D_CI_NON_CASH_CHQ_TXN_CR_L7_14D,carried through from the extract,0.71
852,F2251,D_CI_NON_CASH_CHQ_TXN_DB_L7_14D,carried through from the extract,0.67
853,F2252,D_CI_NON_CASH_CHQ_AMT_L7_14D,carried through from the extract,0.4
854,F2253,D_CI_NON_CASH_CHQ_AMT_CR_L7_14D,carried through from the extract,0.45
855,F2254,D_CI_NON_CASH_CHQ_AMT_DB_L7_14D,carried through from the extract,0.38
856,F2339,D_NON_CASH_CHQ_TXN_L14_31D,carried through from the extract,0.89
857,F2340,D_NON_CASH_CHQ_TXN_CR_L14_31D,carried through from the extract,0.88
858,F2341,D_NON_CASH_CHQ_TXN_DB_L14_31D,carried through from the extract,0.9
859,F2342,D_NON_CASH_CHQ_AMT_L14_31D,carried through from the extract,0.51
860,F2343,D_NON_CASH_CHQ_AMT_CR_L14_31D,carried through from the extract,0.5
861,F2344,D_NON_CASH_CHQ_AMT_DB_L14_31D,carried through from the extract,0.54
862,F2345,D_CI_NON_CASH_CHQ_TXN_L14_31D,carried through from the extract,0.9
863,F2346,D_CI_NON_CASH_CHQ_TXN_CR_L14_31D,carried through from the extract,0.92
864,F2347,D_CI_NON_CASH_CHQ_TXN_DB_L14_31D,carried through from the extract,0.91
865,F2348,D_CI_NON_CASH_CHQ_AMT_L14_31D,carried through from the extract,0.55
866,F2349,D_CI_NON_CASH_CHQ_AMT_CR_L14_31D,carried through from the extract,0.59
867,F2350,D_CI_NON_CASH_CHQ_AMT_DB_L14_31D,carried through from the extract,0.57
868,F2436,D_NON_CASH_CHQ_TXN_L7_31D,carried through from the extract,2.25
869,F2437,D_NON_CASH_CHQ_TXN_CR_L7_31D,carried through from the extract,2.25
870,F2438,D_NON_CASH_CHQ_TXN_DB_L7_31D,carried through from the extract,2.26
871,F2439,D_NON_CASH_CHQ_AMT_L7_31D,carried through from the extract,1.3
872,F2440,D_NON_CASH_CHQ_AMT_CR_L7_31D,carried through from the extract,1.39
873,F2441,D_NON_CASH_CHQ_AMT_DB_L7_31D,carried through from the extract,1.29
874,F2442,D_CI_NON_CASH_CHQ_TXN_L7_31D,carried through from the extract,2.3
875,F2443,D_CI_NON_CASH_CHQ_TXN_CR_L7_31D,carried through from the extract,2.4
876,F2446,D_CI_NON_CASH_CHQ_AMT_CR_L7_31D,carried through from the extract,1.62
877,F2447,D_CI_NON_CASH_CHQ_AMT_DB_L7_31D,carried through from the extract,1.36
878,F2533,DA_NON_CASH_CHQ_TXN_L7_14D,carried through from the extract,0.0
879,F2534,DA_NON_CASH_CHQ_TXN_CR_L7_14D,carried through from the extract,0.0
880,F2535,DA_NON_CASH_CHQ_TXN_DB_L7_14D,carried through from the extract,0.0
881,F2536,DA_NON_CASH_CHQ_AMT_L7_14D,carried through from the extract,-0.07
882,F2538,DA_NON_CASH_CHQ_AMT_DB_L7_14D,carried through from the extract,-0.09
883,F2539,DA_CI_NON_CASH_CHQ_TXN_L7_14D,carried through from the extract,0.0
884,F2540,DA_CI_NON_CASH_CHQ_TXN_CR_L7_14D,carried through from the extract,0.0
885,F2541,DA_CI_NON_CASH_CHQ_TXN_DB_L7_14D,carried through from the extract,0.0
886,F2634,DA_NON_CASH_CHQ_TXN_L14_31D,carried through from the extract,0.0
887,F2635,DA_NON_CASH_CHQ_TXN_CR_L14_31D,carried through from the extract,0.0
888,F2636,DA_NON_CASH_CHQ_TXN_DB_L14_31D,carried through from the extract,0.0
889,F2637,DA_NON_CASH_CHQ_AMT_L14_31D,carried through from the extract,-0.08
890,F2638,DA_NON_CASH_CHQ_AMT_CR_L14_31D,carried through from the extract,-0.09
891,F2639,DA_NON_CASH_CHQ_AMT_DB_L14_31D,carried through from the extract,-0.09
892,F2640,DA_CI_NON_CASH_CHQ_TXN_L14_31D,carried through from the extract,0.0
893,F2641,DA_CI_NON_CASH_CHQ_TXN_CR_14_31D,carried through from the extract,0.0
894,F2642,DA_CI_NON_CASH_CHQ_TXN_DB_14_31D,carried through from the extract,0.0
895,F2643,DA_CI_NON_CASH_CHQ_AMT_L14_31D,carried through from the extract,-0.09
896,F2644,DA_CI_NON_CASH_CHQ_AMT_CR_14_31D,carried through from the extract,-0.1
897,F2645,DA_CI_NON_CASH_CHQ_AMT_DB_14_31D,carried through from the extract,-0.1
898,F2734,DA_NON_CASH_CHQ_TXN_L7_31D,carried through from the extract,0.0
899,F2735,DA_NON_CASH_CHQ_TXN_CR_L7_31D,carried through from the extract,0.0
900,F2736,DA_NON_CASH_CHQ_TXN_DB_L7_31D,carried through from the extract,0.0
901,F2737,DA_NON_CASH_CHQ_AMT_L7_31D,carried through from the extract,-0.15
902,F2739,DA_NON_CASH_CHQ_AMT_DB_L7_31D,carried through from the extract,-0.17
903,F2740,DA_CI_NON_CASH_CHQ_TXN_L7_31D,carried through from the extract,0.0
904,F2741,DA_CI_NON_CASH_CHQ_TXN_CR_L7_31D,carried through from the extract,0.0
905,F2742,DA_CI_NON_CASH_CHQ_TXN_DB_L7_31D,carried through from the extract,-0.01
906,F2743,DA_CI_NON_CASH_CHQ_AMT_L7_31D,carried through from the extract,-0.16
907,F2745,DA_CI_NON_CASH_CHQ_AMT_DB_L7_31D,carried through from the extract,-0.18
908,F2841,D_TA_NON_CASH_CHQ_TXN_L7D,carried through from the extract,31.0
909,F2949,D_TA_NON_CASH_CHQ_TXN_L14D,carried through from the extract,55.0
910,F3055,D_TA_NON_CASH_CHQ_TXN_L31D,carried through from the extract,106.0
911,F3148,D_CASH_TXN_7D_OCC,carried through from the extract,-1.0
912,F3149,D_CASH_TXN_CR_7D_OCC,carried through from the extract,-1.0
913,F3150,D_CASH_TXN_DB_7D_OCC,carried through from the extract,-1.0
914,F3151,D_CASH_AMT_7D_OCC,carried through from the extract,-1.0
915,F3152,D_CASH_AMT_CR_7D_OCC,carried through from the extract,-1.0
916,F3153,D_CASH_AMT_DB_7D_OCC,carried through from the extract,-1.0
917,F3154,D_CHQ_TXN_7D_OCC,carried through from the extract,-1.0
918,F3155,D_CHQ_TXN_CR_7D_OCC,carried through from the extract,-1.0
919,F3156,D_CHQ_TXN_DB_7D_OCC,carried through from the extract,-1.0
920,F3157,D_CHQ_AMT_7D_OCC,carried through from the extract,-1.0
921,F3160,D_NON_CASH_CHQ_TXN_7D_OCC,carried through from the extract,-1.0
922,F3161,D_NON_CASH_CHQ_TXN_CR_7D_OCC,carried through from the extract,-1.0
923,F3162,D_NON_CASH_CHQ_TXN_DB_7D_OCC,carried through from the extract,-1.0
924,F3163,D_NON_CASH_CHQ_AMT_7D_OCC,carried through from the extract,-1.0
925,F3164,D_NON_CASH_CHQ_AMT_CR_7D_OCC,carried through from the extract,-1.0
926,F3165,D_NON_CASH_CHQ_AMT_DB_7D_OCC,carried through from the extract,-1.0
927,F3166,D_CI_NON_CASH_CHQ_TXN_7D_OCC,carried through from the extract,-1.0
928,F3168,D_CI_NON_CASH_CHQ_TXN_DB_7D_OCC,carried through from the extract,-1.0
929,F3169,D_CI_NON_CASH_CHQ_AMT_7D_OCC,carried through from the extract,-1.0
930,F3170,D_CI_NON_CASH_CHQ_AMT_CR_7D_OCC,carried through from the extract,-1.0
931,F3171,D_CI_NON_CASH_CHQ_AMT_DB_7D_OCC,carried through from the extract,-1.0
932,F3178,D_ATM_TXN_7D_OCC,carried through from the extract,-1.0
933,F3181,D_ATM_AMT_7D_OCC,carried through from the extract,-1.0
934,F3184,D_BI_FEES_CHRGS_TXN_7D_OCC,carried through from the extract,-1.0
935,F3185,D_BI_FEES_CHRGS_TXN_CR_7D_OCC,carried through from the extract,-1.0
936,F3187,D_BI_FEES_CHRGS_AMT_7D_OCC,carried through from the extract,-1.0
937,F3188,D_BI_FEES_CHRGS_AMT_CR_7D_OCC,carried through from the extract,-1.0
938,F3190,D_CI_FEES_CHRGS_TXN_7D_OCC,carried through from the extract,-1.0
939,F3191,D_CI_FEES_CHRGS_TXN_CR_7D_OCC,carried through from the extract,-1.0
940,F3192,D_CI_FEES_CHRGS_TXN_DB_7D_OCC,carried through from the extract,-1.0
941,F3193,D_CI_FEES_CHRGS_AMT_7D_OCC,carried through from the extract,-1.0
942,F3194,D_CI_FEES_CHRGS_AMT_CR_7D_OCC,carried through from the extract,-1.0
943,F3195,D_CI_FEES_CHRGS_AMT_DB_7D_OCC,carried through from the extract,-1.0
944,F3196,D_GST_TXN_7D_OCC,carried through from the extract,-1.0
945,F3197,D_GST_TXN_CR_7D_OCC,carried through from the extract,-1.0
946,F3200,D_GST_AMT_CR_7D_OCC,carried through from the extract,-1.0
947,F3202,D_ELEC_XFER_TXN_7D_OCC,carried through from the extract,-1.0
948,F3203,D_ELEC_XFER_TXN_CR_7D_OCC,carried through from the extract,-1.0
949,F3204,D_ELEC_XFER_TXN_DB_7D_OCC,carried through from the extract,-1.0
950,F3205,D_ELEC_XFER_AMT_7D_OCC,carried through from the extract,-1.0
951,F3206,D_ELEC_XFER_AMT_CR_7D_OCC,carried through from the extract,-1.0
952,F3207,D_ELEC_XFER_AMT_DB_7D_OCC,carried through from the extract,-1.0
953,F3208,D_UPI_XFER_TXN_7D_OCC,carried through from the extract,-1.0
954,F3209,D_UPI_TXN_CR_7D_OCC,carried through from the extract,-1.0
955,F3210,D_UPI_TXN_DB_7D_OCC,carried through from the extract,-1.0
956,F3211,D_UPI_XFER_AMT_7D_OCC,carried through from the extract,-1.0
957,F3212,D_UPI_AMT_CR_7D_OCC,carried through from the extract,-1.0
958,F3213,D_UPI_AMT_DB_7D_OCC,carried through from the extract,-1.0
959,F3214,D_NET_BNKING_TXN_7D_OCC,carried through from the extract,-1.0
960,F3215,D_NET_BNKING_TXN_CR_7D_OCC,carried through from the extract,-1.0
961,F3216,D_NET_BNKING_TXN_DB_7D_OCC,carried through from the extract,-1.0
962,F3217,D_NET_BNKING_AMT_7D_OCC,carried through from the extract,-1.0
963,F3218,D_NET_BNKING_AMT_CR_7D_OCC,carried through from the extract,-1.0
964,F3219,D_NET_BNKING_AMT_DB_7D_OCC,carried through from the extract,-1.0
965,F3220,D_MOB_BNKING_TXN_7D_OCC,carried through from the extract,-1.0
966,F3221,D_MBNKING_TXN_CR_7D_OCC,carried through from the extract,-1.0
967,F3222,D_MBNKING_TXN_DB_7D_OCC,carried through from the extract,-1.0
968,F3223,D_MOB_BNKING_AMT_7D_OCC,carried through from the extract,-1.0
969,F3224,D_MBNKING_AMT_CR_7D_OCC,carried through from the extract,-1.0
970,F3225,D_MBNKING_AMT_DB_7D_OCC,carried through from the extract,-1.0
971,F3226,D_POS_PYMT_TXN_7D_OCC,carried through from the extract,-1.0
972,F3227,D_POS_PYMT_TXN_CR_7D_OCC,carried through from the extract,-1.0
973,F3229,D_POS_PYMT_AMT_7D_OCC,carried through from the extract,-1.0
974,F3238,D_APB_TXN_7D_OCC,carried through from the extract,-1.0
975,F3241,D_APB_AMT_7D_OCC,carried through from the extract,-1.0
976,F3244,D_LOAN_TXN_7D_OCC,carried through from the extract,-1.0
977,F3245,D_LOAN_TXN_CR_7D_OCC,carried through from the extract,-1.0
978,F3247,D_LOAN_AMT_7D_OCC,carried through from the extract,-1.0
979,F3248,D_LOAN_AMT_CR_7D_OCC,carried through from the extract,-1.0
980,F3249,D_LOAN_AMT_DB_7D_OCC,carried through from the extract,-1.0
981,F3250,D_STDNG_INSTR_7D_OCC,carried through from the extract,-1.0
982,F3251,D_STDNG_INSTR_CR_TXN_7D_OCC,carried through from the extract,-1.0
983,F3252,D_STDNG_INSTR_DB_TXN_7D_OCC,carried through from the extract,-1.0
984,F3253,D_STDNG_INSTR_AMT_7D_OCC,carried through from the extract,-1.0
985,F3255,D_STDNG_INSTR_AMT_DB_7D_OCC,carried through from the extract,-1.0
986,F3256,D_CASH_TXN_14D_OCC,carried through from the extract,-1.0
987,F3257,D_CASH_TXN_CR_14D_OCC,carried through from the extract,-1.0
988,F3258,D_CASH_TXN_DB_14D_OCC,carried through from the extract,-1.0
989,F3259,D_CASH_AMT_14D_OCC,carried through from the extract,-1.0
990,F3260,D_CASH_AMT_CR_14D_OCC,carried through from the extract,-1.0
991,F3261,D_CASH_AMT_DB_14D_OCC,carried through from the extract,-1.0
992,F3262,D_CHQ_TXN_14D_OCC,carried through from the extract,-1.0
993,F3263,D_CHQ_TXN_CR_14D_OCC,carried through from the extract,-1.0
994,F3264,D_CHQ_TXN_DB_14D_OCC,carried through from the extract,-1.0
995,F3268,D_NON_CASH_CHQ_TXN_14D_OCC,carried through from the extract,-1.0
996,F3271,D_NON_CASH_CHQ_AMT_14D_OCC,carried through from the extract,-1.0
997,F3272,D_NON_CASH_CHQ_AMT_CR_14D_OCC,carried through from the extract,-1.0
998,F3273,D_NON_CASH_CHQ_AMT_DB_14D_OCC,carried through from the extract,-1.0
999,F3274,D_CI_NON_CASH_CHQ_TXN_14D_OCC,carried through from the extract,-1.0
1000,F3275,D_CI_NON_CASH_CHQ_TXN_CR_14D_OCC,carried through from the extract,-1.0
1001,F3277,D_CI_NON_CASH_CHQ_AMT_14D_OCC,carried through from the extract,-1.0
1002,F3278,D_CI_NON_CASH_CHQ_AMT_CR_14D_OCC,carried through from the extract,-1.0
1003,F3279,D_CI_NON_CASH_CHQ_AMT_DB_14D_OCC,carried through from the extract,-1.0
1004,F3286,D_ATM_TXN_14D_OCC,carried through from the extract,-1.0
1005,F3289,D_ATM_AMT_14D_OCC,carried through from the extract,-1.0
1006,F3292,D_BI_FEES_CHRGS_TXN_14D_OCC,carried through from the extract,-1.0
1007,F3295,D_BI_FEES_CHRGS_AMT_14D_OCC,carried through from the extract,-1.0
1008,F3296,D_BI_FEES_CHRGS_AMT_CR_14D_OCC,carried through from the extract,-1.0
1009,F3298,D_CI_FEES_CHRGS_TXN_14D_OCC,carried through from the extract,-1.0
1010,F3300,D_CI_FEES_CHRGS_TXN_DB_14D_OCC,carried through from the extract,-1.0
1011,F3301,D_CI_FEES_CHRGS_AMT_14D_OCC,carried through from the extract,-1.0
1012,F3302,D_CI_FEES_CHRGS_AMT_CR_14D_OCC,carried through from the extract,-1.0
1013,F3303,D_CI_FEES_CHRGS_AMT_DB_14D_OCC,carried through from the extract,-1.0
1014,F3305,D_GST_TXN_CR_14D_OCC,carried through from the extract,-1.0
1015,F3308,D_GST_AMT_CR_14D_OCC,carried through from the extract,-1.0
1016,F3310,D_ELEC_XFER_TXN_14D_OCC,carried through from the extract,-1.0
1017,F3311,D_ELEC_XFER_TXN_CR_14D_OCC,carried through from the extract,-1.0
1018,F3312,D_ELEC_XFER_TXN_DB_14D_OCC,carried through from the extract,-1.0
1019,F3313,D_ELEC_XFER_AMT_14D_OCC,carried through from the extract,-1.0
1020,F3314,D_ELEC_XFER_AMT_CR_14D_OCC,carried through from the extract,-1.0
1021,F3315,D_ELEC_XFER_AMT_DB_14D_OCC,carried through from the extract,-1.0
1022,F3316,D_UPI_XFER_TXN_14D_OCC,carried through from the extract,-1.0
1023,F3317,D_UPI_TXN_CR_14D_OCC,carried through from the extract,-1.0
1024,F3318,D_UPI_TXN_DB_14D_OCC,carried through from the extract,-1.0
1025,F3319,D_UPI_XFER_AMT_14D_OCC,carried through from the extract,-1.0
1026,F3320,D_UPI_AMT_CR_14D_OCC,carried through from the extract,-1.0
1027,F3321,D_UPI_AMT_DB_14D_OCC,carried through from the extract,-1.0
1028,F3322,D_NET_BNKING_TXN_14D_OCC,carried through from the extract,-1.0
1029,F3323,D_NET_BNKING_TXN_CR_14D_OCC,carried through from the extract,-1.0
1030,F3324,D_NET_BNKING_TXN_DB_14D_OCC,carried through from the extract,-1.0
1031,F3325,D_NET_BNKING_AMT_14D_OCC,carried through from the extract,-1.0
1032,F3326,D_NET_BNKING_AMT_CR_14D_OCC,carried through from the extract,-1.0
1033,F3327,D_NET_BNKING_AMT_DB_14D_OCC,carried through from the extract,-1.0
1034,F3328,D_MOB_BNKING_TXN_14D_OCC,carried through from the extract,-1.0
1035,F3329,D_MBNKING_TXN_CR_14D_OCC,carried through from the extract,-1.0
1036,F3330,D_MBNKING_TXN_DB_14D_OCC,carried through from the extract,-1.0
1037,F3331,D_MOB_BNKING_AMT_14D_OCC,carried through from the extract,-1.0
1038,F3332,D_MBNKING_AMT_CR_14D_OCC,carried through from the extract,-1.0
1039,F3333,D_MBNKING_AMT_DB_14D_OCC,carried through from the extract,-1.0
1040,F3334,D_POS_PYMT_TXN_14D_OCC,carried through from the extract,-1.0
1041,F3337,D_POS_PYMT_AMT_14D_OCC,carried through from the extract,-1.0
1042,F3346,D_APB_TXN_14D_OCC,carried through from the extract,-1.0
1043,F3349,D_APB_AMT_14D_OCC,carried through from the extract,-1.0
1044,F3352,D_LOAN_TXN_14D_OCC,carried through from the extract,-1.0
1045,F3353,D_LOAN_TXN_CR_14D_OCC,carried through from the extract,-1.0
1046,F3355,D_LOAN_AMT_14D_OCC,carried through from the extract,-1.0
1047,F3356,D_LOAN_AMT_CR_14D_OCC,carried through from the extract,-1.0
1048,F3357,D_LOAN_AMT_DB_14D_OCC,carried through from the extract,-1.0
1049,F3358,D_STDNG_INSTR_14D_OCC,carried through from the extract,-1.0
1050,F3359,D_STDNG_INSTR_CR_TXN_14D_OCC,carried through from the extract,-1.0
1051,F3360,D_STDNG_INSTR_DB_TXN_14D_OCC,carried through from the extract,-1.0
1052,F3363,D_STDNG_INSTR_AMT_DB_14D_OCC,carried through from the extract,-1.0
1053,F3364,D_CASH_TXN_31D_OCC,carried through from the extract,-1.0
1054,F3365,D_CASH_TXN_CR_31D_OCC,carried through from the extract,-1.0
1055,F3366,D_CASH_TXN_DB_31D_OCC,carried through from the extract,-1.0
1056,F3367,D_CASH_AMT_31D_OCC,carried through from the extract,-1.0
1057,F3368,D_CASH_AMT_CR_31D_OCC,carried through from the extract,-1.0
1058,F3369,D_CASH_AMT_DB_31D_OCC,carried through from the extract,-1.0
1059,F3370,D_CHQ_TXN_31D_OCC,carried through from the extract,-1.0
1060,F3371,D_CHQ_TXN_CR_31D_OCC,carried through from the extract,-1.0
1061,F3372,D_CHQ_TXN_DB_31D_OCC,carried through from the extract,-1.0
1062,F3374,D_CHQ_AMT_CR_31D_OCC,carried through from the extract,-1.0
1063,F3376,D_NON_CASH_CHQ_TXN_31D_OCC,carried through from the extract,-1.0
1064,F3377,D_NON_CASH_CHQ_TXN_CR_31D_OCC,carried through from the extract,-1.0
1065,F3378,D_NON_CASH_CHQ_TXN_DB_31D_OCC,carried through from the extract,-1.0
1066,F3379,D_NON_CASH_CHQ_AMT_31D_OCC,carried through from the extract,-1.0
1067,F3381,D_NON_CASH_CHQ_AMT_DB_31D_OCC,carried through from the extract,-1.0
1068,F3382,D_CI_NON_CASH_CHQ_TXN_31D_OCC,carried through from the extract,-1.0
1069,F3384,D_CI_NON_CASH_CHQ_TXN_DB_31D_OCC,carried through from the extract,-1.0
1070,F3385,D_CI_NON_CASH_CHQ_AMT_31D_OCC,carried through from the extract,-1.0
1071,F3386,D_CI_NON_CASH_CHQ_AMT_CR_31D_OCC,carried through from the extract,-1.0
1072,F3387,D_CI_NON_CASH_CHQ_AMT_DB_31D_OCC,carried through from the extract,-1.0
1073,F3394,D_ATM_TXN_31D_OCC,carried through from the extract,-1.0
1074,F3397,D_ATM_AMT_31D_OCC,carried through from the extract,-1.0
1075,F3400,D_BI_FEES_CHRGS_TXN_31D_OCC,carried through from the extract,-1.0
1076,F3403,D_BI_FEES_CHRGS_AMT_31D_OCC,carried through from the extract,-1.0
1077,F3406,D_CI_FEES_CHRGS_TXN_31D_OCC,carried through from the extract,-1.0
1078,F3407,D_CI_FEES_CHRGS_TXN_CR_31D_OCC,carried through from the extract,-1.0
1079,F3408,D_CI_FEES_CHRGS_TXN_DB_31D_OCC,carried through from the extract,-1.0
1080,F3409,D_CI_FEES_CHRGS_AMT_31D_OCC,carried through from the extract,-1.0
1081,F3410,D_CI_FEES_CHRGS_AMT_CR_31D_OCC,carried through from the extract,-1.0
1082,F3411,D_CI_FEES_CHRGS_AMT_DB_31D_OCC,carried through from the extract,-1.0
1083,F3412,D_GST_TXN_31D_OCC,carried through from the extract,-1.0
1084,F3413,D_GST_TXN_CR_31D_OCC,carried through from the extract,-1.0
1085,F3415,D_GST_AMT_31D_OCC,carried through from the extract,-1.0
1086,F3416,D_GST_AMT_CR_31D_OCC,carried through from the extract,-1.0
1087,F3418,D_ELEC_XFER_TXN_31D_OCC,carried through from the extract,-1.0
1088,F3419,D_ELEC_XFER_TXN_CR_31D_OCC,carried through from the extract,-1.0
1089,F3420,D_ELEC_XFER_TXN_DB_31D_OCC,carried through from the extract,-1.0
1090,F3421,D_ELEC_XFER_AMT_31D_OCC,carried through from the extract,-1.0
1091,F3422,D_ELEC_XFER_AMT_CR_31D_OCC,carried through from the extract,-1.0
1092,F3423,D_ELEC_XFER_AMT_DB_31D_OCC,carried through from the extract,-1.0
1093,F3424,D_UPI_XFER_TXN_31D_OCC,carried through from the extract,-1.0
1094,F3426,D_UPI_TXN_DB_31D_OCC,carried through from the extract,-1.0
1095,F3427,D_UPI_XFER_AMT_31D_OCC,carried through from the extract,-1.0
1096,F3428,D_UPI_AMT_CR_31D_OCC,carried through from the extract,-1.0
1097,F3429,D_UPI_AMT_DB_31D_OCC,carried through from the extract,-1.0
1098,F3430,D_NET_BNKING_TXN_31D_OCC,carried through from the extract,-1.0
1099,F3431,D_NET_BNKING_TXN_CR_31D_OCC,carried through from the extract,-1.0
1100,F3432,D_NET_BNKING_TXN_DB_31D_OCC,carried through from the extract,-1.0
1101,F3433,D_NET_BNKING_AMT_31D_OCC,carried through from the extract,-1.0
1102,F3434,D_NET_BNKING_AMT_CR_31D_OCC,carried through from the extract,-1.0
1103,F3435,D_NET_BNKING_AMT_DB_31D_OCC,carried through from the extract,-1.0
1104,F3436,D_MOB_BNKING_TXN_31D_OCC,carried through from the extract,-1.0
1105,F3437,D_MBNKING_TXN_CR_31D_OCC,carried through from the extract,-1.0
1106,F3438,D_MBNKING_TXN_DB_31D_OCC,carried through from the extract,-1.0
1107,F3439,D_MOB_BNKING_AMT_31D_OCC,carried through from the extract,-1.0
1108,F3440,D_MBNKING_AMT_CR_31D_OCC,carried through from the extract,-1.0
1109,F3441,D_MBNKING_AMT_DB_31D_OCC,carried through from the extract,-1.0
1110,F3442,D_POS_PYMT_TXN_31D_OCC,carried through from the extract,-1.0
1111,F3445,D_POS_PYMT_AMT_31D_OCC,carried through from the extract,-1.0
1112,F3454,D_APB_TXN_31D_OCC,carried through from the extract,-1.0
1113,F3457,D_APB_AMT_31D_OCC,carried through from the extract,-1.0
1114,F3460,D_LOAN_TXN_31D_OCC,carried through from the extract,-1.0
1115,F3461,D_LOAN_TXN_CR_31D_OCC,carried through from the extract,-1.0
1116,F3463,D_LOAN_AMT_31D_OCC,carried through from the extract,-1.0
1117,F3464,D_LOAN_AMT_CR_31D_OCC,carried through from the extract,-1.0
1118,F3465,D_LOAN_AMT_DB_31D_OCC,carried through from the extract,-1.0
1119,F3466,D_STDNG_INSTR_31D_OCC,carried through from the extract,-1.0
1120,F3467,D_STDNG_INSTR_CR_TXN_31D_OCC,carried through from the extract,-1.0
1121,F3468,D_STDNG_INSTR_DB_TXN_31D_OCC,carried through from the extract,-1.0
1122,F3469,D_STDNG_INSTR_AMT_31D_OCC,carried through from the extract,-1.0
1123,F3470,D_STDNG_INSTR_AMT_CR_31D_OCC,carried through from the extract,-1.0
1124,F3471,D_STDNG_INSTR_AMT_DB_31D_OCC,carried through from the extract,-1.0
1125,F3472,DA_CASH_TXN_7D_OCC,carried through from the extract,-1.0
1126,F3473,DA_CASH_TXN_CR_7D_OCC,carried through from the extract,-1.0
1127,F3474,DA_CASH_TXN_DB_7D_OCC,carried through from the extract,-1.0
1128,F3475,DA_CASH_AMT_7D_OCC,carried through from the extract,-1.0
1129,F3476,DA_CASH_AMT_CR_7D_OCC,carried through from the extract,-1.0
1130,F3477,DA_CASH_AMT_DB_7D_OCC,carried through from the extract,-1.0
1131,F3478,DA_CHQ_TXN_7D_OCC,carried through from the extract,-1.0
1132,F3479,DA_CHQ_TXN_CR_7D_OCC,carried through from the extract,-1.0
1133,F3480,DA_CHQ_TXN_DB_7D_OCC,carried through from the extract,-1.0
1134,F3481,DA_CHQ_AMT_7D_OCC,carried through from the extract,-1.0
1135,F3482,DA_CHQ_AMT_CR_7D_OCC,carried through from the extract,-1.0
1136,F3483,DA_CHQ_AMT_DB_7D_OCC,carried through from the extract,-1.0
1137,F3484,DA_NON_CASH_CHQ_TXN_7D_OCC,carried through from the extract,0.02
1138,F3485,DA_NON_CASH_CHQ_TXN_CR_7D_OCC,carried through from the extract,-0.26
1139,F3486,DA_NON_CASH_CHQ_TXN_DB_7D_OCC,carried through from the extract,0.19
1140,F3487,DA_NON_CASH_CHQ_AMT_7D_OCC,carried through from the extract,-0.93
1141,F3489,DA_NON_CASH_CHQ_AMT_DB_7D_OCC,carried through from the extract,-0.91
1142,F3490,DA_CI_NON_CASH_CHQ_TXN_7D_OCC,carried through from the extract,0.03
1143,F3491,DA_CI_NON_CASH_CHQ_TXN_CR_7D_OCC,carried through from the extract,-0.33
1144,F3492,DA_CI_NON_CASH_CHQ_TXN_DB_7D_OCC,carried through from the extract,0.17
1145,F3493,DA_CI_NON_CASH_CHQ_AMT_7D_OCC,carried through from the extract,-0.92
1146,F3494,DA_CI_NON_CASH_CHQ_AMT_CR_7D_OCC,carried through from the extract,-0.97
1147,F3495,DA_CI_NON_CASH_CHQ_AMT_DB_7D_OCC,carried through from the extract,-0.87
1148,F3502,DA_ATM_TXN_7D_OCC,carried through from the extract,-1.0
1149,F3505,DA_ATM_AMT_7D_OCC,carried through from the extract,-1.0
1150,F3508,DA_BI_FEES_CHRGS_TXN_7D_OCC,carried through from the extract,-1.0
1151,F3511,DA_BI_FEES_CHRGS_AMT_7D_OCC,carried through from the extract,-1.0
1152,F3512,DA_BI_FEES_CHRGS_AMT_CR_7D_OCC,carried through from the extract,-1.0
1153,F3514,DA_CI_FEES_CHRGS_TXN_7D_OCC,carried through from the extract,-1.0
1154,F3515,DA_CI_FEES_CHRGS_TXN_CR_7D_OCC,carried through from the extract,-1.0
1155,F3517,DA_CI_FEES_CHRGS_AMT_7D_OCC,carried through from the extract,-1.0
1156,F3518,DA_CI_FEES_CHRGS_AMT_CR_7D_OCC,carried through from the extract,-1.0
1157,F3519,DA_CI_FEES_CHRGS_AMT_DB_7D_OCC,carried through from the extract,-1.0
1158,F3520,DA_GST_TXN_7D_OCC,carried through from the extract,-1.0
1159,F3521,DA_GST_TXN_CR_7D_OCC,carried through from the extract,-1.0
1160,F3522,DA_GST_TXN_DB_7D_OCC,carried through from the extract,-1.0
1161,F3523,DA_GST_AMT_7D_OCC,carried through from the extract,-1.0
1162,F3524,DA_GST_AMT_CR_7D_OCC,carried through from the extract,-1.0
1163,F3525,DA_GST_AMT_DB_7D_OCC,carried through from the extract,-1.0
1164,F3526,DA_ELEC_XFER_TXN_7D_OCC,carried through from the extract,-0.66
1165,F3527,DA_ELEC_XFER_TXN_CR_7D_OCC,carried through from the extract,-0.71
1166,F3528,DA_ELEC_XFER_TXN_DB_7D_OCC,carried through from the extract,-1.0
1167,F3529,DA_ELEC_XFER_AMT_7D_OCC,carried through from the extract,-0.98
1168,F3530,DA_ELEC_XFER_AMT_CR_7D_OCC,carried through from the extract,-0.99
1169,F3531,DA_ELEC_XFER_AMT_DB_7D_OCC,carried through from the extract,-1.0
1170,F3532,DA_UPI_XFER_TXN_7D_OCC,carried through from the extract,0.17
1171,F3533,DA_UPI_TXN_CR_7D_OCC,carried through from the extract,-0.67
1172,F3534,DA_UPI_TXN_DB_7D_OCC,carried through from the extract,0.14
1173,F3535,DA_UPI_XFER_AMT_7D_OCC,carried through from the extract,-0.36
1174,F3536,DA_UPI_AMT_CR_7D_OCC,carried through from the extract,-0.84
1175,F3537,DA_UPI_AMT_DB_7D_OCC,carried through from the extract,-0.47
1176,F3538,DA_NET_BNKING_TXN_7D_OCC,carried through from the extract,-0.99
1177,F3539,DA_NET_BNKING_TXN_CR_7D_OCC,carried through from the extract,-1.0
1178,F3540,DA_NET_BNKING_TXN_DB_7D_OCC,carried through from the extract,-1.0
1179,F3541,DA_NET_BNKING_AMT_7D_OCC,carried through from the extract,-1.0
1180,F3543,DA_NET_BNKING_AMT_DB_7D_OCC,carried through from the extract,-1.0
1181,F3544,DA_MOB_BNKING_TXN_7D_OCC,carried through from the extract,-1.0
1182,F3545,DA_MBNKING_TXN_CR_7D_OCC,carried through from the extract,-1.0
1183,F3546,DA_MBNKING_TXN_DB_7D_OCC,carried through from the extract,-1.0
1184,F3547,DA_MOB_BNKING_AMT_7D_OCC,carried through from the extract,-1.0
1185,F3548,DA_MBNKING_AMT_CR_7D_OCC,carried through from the extract,-1.0
1186,F3549,DA_MBNKING_AMT_DB_7D_OCC,carried through from the extract,-1.0
1187,F3550,DA_POS_PYMT_TXN_7D_OCC,carried through from the extract,-1.0
1188,F3553,DA_POS_PYMT_AMT_7D_OCC,carried through from the extract,-1.0
1189,F3562,DA_APB_TXN_7D_OCC,carried through from the extract,-1.0
1190,F3565,DA_APB_AMT_7D_OCC,carried through from the extract,-1.0
1191,F3568,DA_LOAN_TXN_7D_OCC,carried through from the extract,-1.0
1192,F3569,DA_LOAN_TXN_CR_7D_OCC,carried through from the extract,-1.0
1193,F3570,DA_LOAN_TXN_DB_7D_OCC,carried through from the extract,-1.0
1194,F3571,DA_LOAN_AMT_7D_OCC,carried through from the extract,-1.0
1195,F3572,DA_LOAN_AMT_CR_7D_OCC,carried through from the extract,-1.0
1196,F3573,DA_LOAN_AMT_DB_7D_OCC,carried through from the extract,-1.0
1197,F3574,DA_STDNG_INSTR_7D_OCC,carried through from the extract,-1.0
1198,F3575,DA_STDNG_INSTR_CR_TXN_7D_OCC,carried through from the extract,-1.0
1199,F3576,DA_STDNG_INSTR_DB_TXN_7D_OCC,carried through from the extract,-1.0
1200,F3579,DA_STDNG_INSTR_AMT_DB_7D_OCC,carried through from the extract,-1.0
1201,F3580,DA_CASH_TXN_14D_OC,carried through from the extract,-1.0
1202,F3581,DA_CASH_TXN_CR_14D_OC,carried through from the extract,-1.0
1203,F3582,DA_CASH_TXN_DB_14D_OC,carried through from the extract,-1.0
1204,F3583,DA_CASH_AMT_14D_OC,carried through from the extract,-1.0
1205,F3586,DA_CHQ_TXN_14D_OC,carried through from the extract,-1.0
1206,F3587,DA_CHQ_TXN_CR_14D_OC,carried through from the extract,-1.0
1207,F3588,DA_CHQ_TXN_DB_14D_OC,carried through from the extract,-1.0
1208,F3589,DA_CHQ_AMT_14D_OC,carried through from the extract,-1.0
1209,F3590,DA_CHQ_AMT_CR_14D_OC,carried through from the extract,-1.0
1210,F3591,DA_CHQ_AMT_DB_14D_OC,carried through from the extract,-1.0
1211,F3592,DA_NON_CASH_CHQ_TXN_14D_OC,carried through from the extract,0.02
1212,F3593,DA_NON_CASH_CHQ_TXN_CR_14D_OC,carried through from the extract,-0.26
1213,F3594,DA_NON_CASH_CHQ_TXN_DB_14D_OC,carried through from the extract,0.19
1214,F3595,DA_NON_CASH_CHQ_AMT_14D_OC,carried through from the extract,-0.94
1215,F3596,DA_NON_CASH_CHQ_AMT_CR_14D_OC,carried through from the extract,-0.96
1216,F3597,DA_NON_CASH_CHQ_AMT_DB_14D_OC,carried through from the extract,-0.92
1217,F3598,DA_CI_NON_CASH_CHQ_TXN_14D_OC,carried through from the extract,0.03
1218,F3599,DA_CI_NON_CASH_CHQ_TXN_CR_14D_OC,carried through from the extract,-0.32
1219,F3600,DA_CI_NON_CASH_CHQ_TXN_DB_14D_OC,carried through from the extract,0.16
1220,F3601,DA_CI_NON_CASH_CHQ_AMT_14D_OC,carried through from the extract,-0.93
1221,F3602,DA_CI_NON_CASH_CHQ_AMT_CR_14D_OC,carried through from the extract,-0.96
1222,F3603,DA_CI_NON_CASH_CHQ_AMT_DB_14D_OC,carried through from the extract,-0.88
1223,F3610,DA_ATM_TXN_14D_OC,carried through from the extract,-1.0
1224,F3613,DA_ATM_AMT_14D_OC,carried through from the extract,-1.0
1225,F3616,DA_BI_FEES_CHRGS_TXN_14D_OC,carried through from the extract,-1.0
1226,F3617,DA_BI_FEES_CHRGS_TXN_CR_14D_OC,carried through from the extract,-1.0
1227,F3619,DA_BI_FEES_CHRGS_AMT_14D_OC,carried through from the extract,-1.0
1228,F3620,DA_BI_FEES_CHRGS_AMT_CR_14D_OC,carried through from the extract,-1.0
1229,F3622,DA_CI_FEES_CHRGS_TXN_14D_OC,carried through from the extract,-1.0
1230,F3623,DA_CI_FEES_CHRGS_TXN_CR_14D_OC,carried through from the extract,-1.0
1231,F3625,DA_CI_FEES_CHRGS_AMT_14D_OC,carried through from the extract,-1.0
1232,F3626,DA_CI_FEES_CHRGS_AMT_CR_14D_OC,carried through from the extract,-1.0
1233,F3627,DA_CI_FEES_CHRGS_AMT_DB_14D_OC,carried through from the extract,-1.0
1234,F3628,DA_GST_TXN_14D_OC,carried through from the extract,-1.0
1235,F3629,DA_GST_TXN_CR_14D_OC,carried through from the extract,-1.0
1236,F3630,DA_GST_TXN_DB_14D_OC,carried through from the extract,-1.0
1237,F3631,DA_GST_AMT_14D_OC,carried through from the extract,-1.0
1238,F3632,DA_GST_AMT_CR_14D_OC,carried through from the extract,-1.0
1239,F3633,DA_GST_AMT_DB_14D_OC,carried through from the extract,-1.0
1240,F3634,DA_ELEC_XFER_TXN_14D_OC,carried through from the extract,-0.66
1241,F3635,DA_ELEC_XFER_TXN_CR_14D_OC,carried through from the extract,-0.66
1242,F3636,DA_ELEC_XFER_TXN_DB_14D_OC,carried through from the extract,-1.0
1243,F3637,DA_ELEC_XFER_AMT_14D_OC,carried through from the extract,-0.97
1244,F3638,DA_ELEC_XFER_AMT_CR_14D_OC,carried through from the extract,-0.99
1245,F3639,DA_ELEC_XFER_AMT_DB_14D_OC,carried through from the extract,-1.0
1246,F3641,DA_UPI_TXN_CR_14D_OC,carried through from the extract,-0.61
1247,F3643,DA_UPI_XFER_AMT_14D_OC,carried through from the extract,-0.34
1248,F3644,DA_UPI_AMT_CR_14D_OC,carried through from the extract,-0.77
1249,F3645,DA_UPI_AMT_DB_14D_OC,carried through from the extract,-0.41
1250,F3646,DA_NET_BNKING_TXN_14D_OC,carried through from the extract,-0.83
1251,F3647,DA_NET_BNKING_TXN_CR_14D_OC,carried through from the extract,-0.91
1252,F3649,DA_NET_BNKING_AMT_14D_OC,carried through from the extract,-1.0
1253,F3651,DA_NET_BNKING_AMT_DB_14D_OC,carried through from the extract,-1.0
1254,F3652,DA_MOB_BNKING_TXN_14D_OC,carried through from the extract,-1.0
1255,F3653,DA_MBNKING_TXN_CR_14D_OC,carried through from the extract,-1.0
1256,F3654,DA_MBNKING_TXN_DB_14D_OC,carried through from the extract,-1.0
1257,F3655,DA_MOB_BNKING_AMT_14D_OC,carried through from the extract,-1.0
1258,F3656,DA_MBNKING_AMT_CR_14D_OC,carried through from the extract,-1.0
1259,F3657,DA_MBNKING_AMT_DB_14D_OC,carried through from the extract,-1.0
1260,F3658,DA_POS_PYMT_TXN_14D_OC,carried through from the extract,-1.0
1261,F3661,DA_POS_PYMT_AMT_14D_OC,carried through from the extract,-1.0
1262,F3670,DA_APB_TXN_14D_OC,carried through from the extract,-1.0
1263,F3673,DA_APB_AMT_14D_OC,carried through from the extract,-1.0
1264,F3676,DA_LOAN_TXN_14D_OC,carried through from the extract,-1.0
1265,F3677,DA_LOAN_TXN_CR_14D_OC,carried through from the extract,-1.0
1266,F3678,DA_LOAN_TXN_DB_14D_OC,carried through from the extract,-1.0
1267,F3681,DA_LOAN_AMT_DB_14D_OC,carried through from the extract,-1.0
1268,F3682,DA_STDNG_INSTR_14D_OC,carried through from the extract,-1.0
1269,F3683,DA_STDNG_INSTR_CR_TXN_14D_OC,carried through from the extract,-1.0
1270,F3684,DA_STDNG_INSTR_DB_TXN_14D_OC,carried through from the extract,-1.0
1271,F3687,DA_STDNG_INSTR_AMT_DB_14D_OC,carried through from the extract,-1.0
1272,F3688,DA_CASH_TXN_31D_OC,carried through from the extract,-1.0
1273,F3689,DA_CASH_TXN_CR_31D_OC,carried through from the extract,-1.0
1274,F3690,DA_CASH_TXN_DB_31D_OC,carried through from the extract,-1.0
1275,F3691,DA_CASH_AMT_31D_OC,carried through from the extract,-1.0
1276,F3692,DA_CASH_AMT_CR_31D_OC,carried through from the extract,-1.0
1277,F3694,DA_CHQ_TXN_31D_OC,carried through from the extract,-1.0
1278,F3695,DA_CHQ_TXN_CR_31D_OC,carried through from the extract,-1.0
1279,F3696,DA_CHQ_TXN_DB_31D_OC,carried through from the extract,-1.0
1280,F3697,DA_CHQ_AMT_31D_OC,carried through from the extract,-1.0
1281,F3698,DA_CHQ_AMT_CR_31D_OC,carried through from the extract,-1.0
1282,F3699,DA_CHQ_AMT_DB_31D_OC,carried through from the extract,-1.0
1283,F3700,DA_NON_CASH_CHQ_TXN_31D_OC,carried through from the extract,0.02
1284,F3701,DA_NON_CASH_CHQ_TXN_CR_31D_OC,carried through from the extract,-0.26
1285,F3702,DA_NON_CASH_CHQ_TXN_DB_31D_OC,carried through from the extract,0.2
1286,F3703,DA_NON_CASH_CHQ_AMT_31D_OC,carried through from the extract,-0.94
1287,F3704,DA_NON_CASH_CHQ_AMT_CR_31D_OC,carried through from the extract,-0.95
1288,F3705,DA_NON_CASH_CHQ_AMT_DB_31D_OC,carried through from the extract,-0.93
1289,F3706,DA_CI_NON_CASH_CHQ_TXN_31D_OC,carried through from the extract,0.02
1290,F3707,DA_CI_NON_CASH_CHQ_TXN_CR_31D_OC,carried through from the extract,-0.32
1291,F3708,DA_CI_NON_CASH_CHQ_TXN_DB_31D_OC,carried through from the extract,0.15
1292,F3709,DA_CI_NON_CASH_CHQ_AMT_31D_OC,carried through from the extract,-0.93
1293,F3710,DA_CI_NON_CASH_CHQ_AMT_CR_31D_OC,carried through from the extract,-0.96
1294,F3711,DA_CI_NON_CASH_CHQ_AMT_DB_31D_OC,carried through from the extract,-0.89
1295,F3718,DA_ATM_TXN_31D_OC,carried through from the extract,-1.0
1296,F3721,DA_ATM_AMT_31D_OC,carried through from the extract,-1.0
1297,F3724,DA_BI_FEES_CHRGS_TXN_31D_OC,carried through from the extract,-1.0
1298,F3727,DA_BI_FEES_CHRGS_AMT_31D_OC,carried through from the extract,-1.0
1299,F3730,DA_CI_FEES_CHRGS_TXN_31D_OC,carried through from the extract,-1.0
1300,F3731,DA_CI_FEES_CHRGS_TXN_CR_31D_OC,carried through from the extract,-1.0
1301,F3733,DA_CI_FEES_CHRGS_AMT_31D_OC,carried through from the extract,-1.0
1302,F3734,DA_CI_FEES_CHRGS_AMT_CR_31D_OC,carried through from the extract,-1.0
1303,F3735,DA_CI_FEES_CHRGS_AMT_DB_31D_OC,carried through from the extract,-1.0
1304,F3736,DA_GST_TXN_31D_OC,carried through from the extract,-1.0
1305,F3737,DA_GST_TXN_CR_31D_OC,carried through from the extract,-1.0
1306,F3738,DA_GST_TXN_DB_31D_OC,carried through from the extract,-1.0
1307,F3739,DA_GST_AMT_31D_OC,carried through from the extract,-1.0
1308,F3740,DA_GST_AMT_CR_31D_OC,carried through from the extract,-1.0
1309,F3741,DA_GST_AMT_DB_31D_OC,carried through from the extract,-1.0
1310,F3742,DA_ELEC_XFER_TXN_31D_OC,carried through from the extract,-0.65
1311,F3743,DA_ELEC_XFER_TXN_CR_31D_OC,carried through from the extract,-0.64
1312,F3744,DA_ELEC_XFER_TXN_DB_31D_OC,carried through from the extract,-1.0
1313,F3745,DA_ELEC_XFER_AMT_31D_OC,carried through from the extract,-0.97
1314,F3746,DA_ELEC_XFER_AMT_CR_31D_OC,carried through from the extract,-0.99
1315,F3747,DA_ELEC_XFER_AMT_DB_31D_OC,carried through from the extract,-1.0
1316,F3749,DA_UPI_TXN_CR_31D_OC,carried through from the extract,-0.57
1317,F3751,DA_UPI_XFER_AMT_31D_OC,carried through from the extract,-0.31
1318,F3752,DA_UPI_AMT_CR_31D_OC,carried through from the extract,-0.71
1319,F3753,DA_UPI_AMT_DB_31D_OC,carried through from the extract,-0.35
1320,F3754,DA_NET_BNKING_TXN_31D_OC,carried through from the extract,-0.77
1321,F3755,DA_NET_BNKING_TXN_CR_31D_OC,carried through from the extract,-0.82
1322,F3756,DA_NET_BNKING_TXN_DB_31D_OC,carried through from the extract,-1.0
1323,F3757,DA_NET_BNKING_AMT_31D_OC,carried through from the extract,-1.0
1324,F3758,DA_NET_BNKING_AMT_CR_31D_OC,carried through from the extract,-1.0
1325,F3759,DA_NET_BNKING_AMT_DB_31D_OC,carried through from the extract,-1.0
1326,F3760,DA_MOB_BNKING_TXN_31D_OC,carried through from the extract,-1.0
1327,F3761,DA_MBNKING_TXN_CR_31D_OC,carried through from the extract,-1.0
1328,F3762,DA_MBNKING_TXN_DB_31D_OC,carried through from the extract,-1.0
1329,F3763,DA_MOB_BNKING_AMT_31D_OC,carried through from the extract,-1.0
1330,F3764,DA_MBNKING_AMT_CR_31D_OC,carried through from the extract,-1.0
1331,F3765,DA_MBNKING_AMT_DB_31D_OC,carried through from the extract,-1.0
1332,F3766,DA_POS_PYMT_TXN_31D_OC,carried through from the extract,-1.0
1333,F3769,DA_POS_PYMT_AMT_31D_OC,carried through from the extract,-1.0
1334,F3778,DA_APB_TXN_31D_OC,carried through from the extract,-1.0
1335,F3781,DA_APB_AMT_31D_OC,carried through from the extract,-1.0
1336,F3784,DA_LOAN_TXN_31D_OC,carried through from the extract,-1.0
1337,F3785,DA_LOAN_TXN_CR_31D_OC,carried through from the extract,-1.0
1338,F3786,DA_LOAN_TXN_DB_31D_OC,carried through from the extract,-1.0
1339,F3787,DA_LOAN_AMT_31D_OC,carried through from the extract,-1.0
1340,F3788,DA_LOAN_AMT_CR_31D_OC,carried through from the extract,-1.0
1341,F3789,DA_LOAN_AMT_DB_31D_OC,carried through from the extract,-1.0
1342,F3790,DA_STDNG_INSTR_31D_OC,carried through from the extract,-1.0
1343,F3791,DA_STDNG_INSTR_CR_TXN_31D_OC,carried through from the extract,-1.0
1344,F3792,DA_STDNG_INSTR_DB_TXN_31D_OC,carried through from the extract,-1.0
1345,F3793,DA_STDNG_INSTR_AMT_31D_OC,carried through from the extract,-1.0
1346,F3794,DA_STDNG_INSTR_AMT_CR_31D_OC,carried through from the extract,-1.0
1347,F3795,DA_STDNG_INSTR_AMT_DB_31D_OC,carried through from the extract,-1.0
1348,F3796,TOT_TXNS_L31D,carried through from the extract,90.0
1349,F3797,TOT_TXNS_CR_L31D,carried through from the extract,25.0
1350,F3798,TOT_TXNS_DB_L31D,carried through from the extract,50.5
1351,F3799,TOT_TXNAMT_L31D,carried through from the extract,1722078.955
1352,F3800,TOT_TXNAMT_CR_L31D,carried through from the extract,873722.0
1353,F3801,TOT_TXNAMT_DB_L31D,carried through from the extract,805204.115
1354,F3802,TOT_TXNS_L14D,carried through from the extract,52.0
1355,F3803,TOT_TXNS_CR_L14D,carried through from the extract,14.0
1356,F3804,TOT_TXNS_DB_L14D,carried through from the extract,29.0
1357,F3805,TOT_TXNAMT_L14D,carried through from the extract,1202788.3
1358,F3806,TOT_TXNAMT_CR_L14D,carried through from the extract,607818.0
1359,F3807,TOT_TXNAMT_DB_L14D,carried through from the extract,581522.245
1360,F3808,TOT_TXNS_L7D,carried through from the extract,32.0
1361,F3810,TOT_TXNS_DB_L7D,carried through from the extract,18.0
1362,F3811,TOT_TXNAMT_L7D,carried through from the extract,841744.325
1363,F3812,TOT_TXNAMT_CR_L7D,carried through from the extract,401829.6
1364,F3813,TOT_TXNAMT_DB_L7D,carried through from the extract,445122.175
1365,F3814,TOT_TXNS_L7_14D,carried through from the extract,0.612903
1366,F3815,TOT_TXNS_CR_L7_14D,carried through from the extract,0.6
1367,F3816,TOT_TXNS_DB_L7_14D,carried through from the extract,0.619718
1368,F3817,TOT_TXNAMT_L7_14D,carried through from the extract,0.760641
1369,F3818,TOT_TXNAMT_CR_L7_14D,carried through from the extract,0.739939
1370,F3819,TOT_TXNAMT_DB_L7_14D,carried through from the extract,0.769436
1371,F3820,TOT_TXNS_L7_31D,carried through from the extract,0.344121
1372,F3821,TOT_TXNS_CR_L7_31D,carried through from the extract,0.333333
1373,F3822,TOT_TXNS_DB_L7_31D,carried through from the extract,0.344828
1374,F3823,TOT_TXNAMT_L7_31D,carried through from the extract,0.497368
1375,F3824,TOT_TXNAMT_CR_L7_31D,carried through from the extract,0.46169
1376,F3825,TOT_TXNAMT_DB_L7_31D,carried through from the extract,0.497485
1377,F3826,TOT_TXNS_L14_31D,carried through from the extract,0.583333
1378,F3827,TOT_TXNS_CR_L14_31D,carried through from the extract,0.578947
1379,F3828,TOT_TXNS_DB_L14_31D,carried through from the extract,0.581514
1380,F3829,TOT_TXNAMT_L14_31D,carried through from the extract,0.751606
1381,F3830,TOT_TXNAMT_CR_L14_31D,carried through from the extract,0.73816
1382,F3831,TOT_TXNAMT_DB_L14_31D,carried through from the extract,0.734832
1383,F3832,TOT_BAL_7DAYS,carried through from the extract,702047.785
1384,F3834,TOT_BAL_31DAYS,carried through from the extract,833887.57
1385,F3835,AVG_BAL_7DAYS,carried through from the extract,373639.97
1386,F3836,AVG_BAL_14DAYS,carried through from the extract,381286.33
1387,F3837,AVG_BAL_31DAYS,carried through from the extract,398501.615
1388,F3838,MAX_BAL_7DAYS,carried through from the extract,123374.735
1389,F3840,MAX_BAL_31DAYS,carried through from the extract,125155.05
1390,F3841,MIN_BAL_7DAYS,carried through from the extract,752.53
1391,F3843,MIN_BAL_31DAYS,carried through from the extract,623.155
1392,F3844,TOT_BAL_7TO14DAYS,carried through from the extract,0.0
1393,F3845,TOT_BAL_14TO31DAYS,carried through from the extract,0.0
1394,F3846,TOT_BAL_7TO31DAYS,carried through from the extract,0.0
1395,F3852,MAX_BAL_7TO31DAYS,carried through from the extract,0.0
1396,F3856,RT_TOT_7TO14DAYS,carried through from the extract,1.0
1397,F3857,RT_TOT_14TO31DAYS,carried through from the extract,1.0
1398,F3858,RT_TOT_7TO31DAYS,carried through from the extract,1.0
1399,F3859,RT_AVG_7TO14DAYS,carried through from the extract,1.0
1400,F3860,RT_AVG_14TO31DAYS,carried through from the extract,1.0
1401,F3861,RT_AVG_7TO31DAYS,carried through from the extract,1.0
1402,F3862,DEV_TOT_7TO14DAYS,carried through from the extract,0.0
1403,F3863,DEV_TOT_14TO31DAYS,carried through from the extract,0.0
1404,F3868,DEV_TOT_AVG_7DAYS,carried through from the extract,1.0
1405,F3869,DEV_TOT_AVG_14DAYS,carried through from the extract,1.0
1406,F3870,DEV_TOT_AVG_31DAYS,carried through from the extract,1.0
1407,F3871,MAX_MIN_7DAYS,carried through from the extract,153158.03
1408,F3874,D_TOT_BAL_7DAYS_OCC,carried through from the extract,-1.0
1409,F3880,D_AVG_BAL_7DAYS_OCC,carried through from the extract,-1.0
1410,F3882,D_AVG_BAL_31DAYS_OCC,carried through from the extract,-1.0
1411,F3883,D_AVG_BAL_7TO14DAYS_OCC,carried through from the extract,-1.0
1412,F3884,D_AVG_BAL_14TO31DAYS_OCC,carried through from the extract,-1.0
1413,F3885,D_AVG_BAL_7TO31DAYS_OCC,carried through from the extract,-1.0
1414,F3887,TENURE_AS_OF_ALERT,carried through from the extract,94.0
1415,F3889,ACCT_OPN_DAYS,carried through from the extract,730.0
1416,F3894,AGE_IN_YRS,carried through from the extract,34.0
1417,F3895,MIN_INC_SCORE,carried through from the extract,600.0
1418,F3896,MAX_INC_SCORE,carried through from the extract,600.0
1419,F3897,CNT_INC_SCR_GT650,carried through from the extract,0.0
1420,F3900,HIGH_VALUE_UPI_DB_TXNS,carried through from the extract,0.0
1421,F3901,MULTI_DBS_FROM_ACCOUNT,carried through from the extract,0.0
1422,F3902,MULTI_PG_TXNS,carried through from the extract,0.0
1423,F3903,PWD_CHANGED_LARGE_FUND_XFERS,carried through from the extract,0.0
1424,F3904,RCVING_FUNDS_FROM_MULITPLE_USERS,carried through from the extract,0.0
1425,F3905,RISKY_COUNTRY_TXNS,carried through from the extract,0.0
1426,F3906,STATUS_CHANGE_AFTER_WD,carried through from the extract,0.0
1427,F3907,TXN_AT_UNUSUAL_TIME,carried through from the extract,0.0
1428,F3908,MULTI_UPI_DB_TXNS,carried through from the extract,0.0
1429,F3909,FAILED_UPI_TXNS,carried through from the extract,0.0
1430,F3910,ONE_TO_MANY_UPI_PAYMENTS,carried through from the extract,0.0
1431,F3916,L3_FLG,carried through from the extract,1.0
1432,F3917,L2_FLG,carried through from the extract,0.0
1433,F3918,L1_FLG,carried through from the extract,0.0
1434,F3919,COUNT_ALERTS,carried through from the extract,1.0
1435,F3920,MORNING_ALERTS,carried through from the extract,0.0
1436,F3921,AFTERNOON_ALERTS,carried through from the extract,0.0
1437,F3922,EVENING_ALERTS,carried through from the extract,0.0
1438,F3923,NIGHT_ALERTS,carried through from the extract,0.0
1439,mg_product_name_Agri Adv,mg_product_name_Agri Adv,engineered from raw fields,0.0
1440,mg_product_name_All Others,mg_product_name_All Others,engineered from raw fields,0.0
1441,mg_product_name_Corp Adv,mg_product_name_Corp Adv,engineered from raw fields,0.0
1442,mg_product_name_Current,mg_product_name_Current,engineered from raw fields,0.0
1443,mg_product_name_Gold Loan,mg_product_name_Gold Loan,engineered from raw fields,0.0
1444,mg_product_name_HL,mg_product_name_HL,engineered from raw fields,0.0
1445,mg_product_name_ML,mg_product_name_ML,engineered from raw fields,0.0
1446,mg_product_name_MSME LA TDR,mg_product_name_MSME LA TDR,engineered from raw fields,0.0
1447,mg_product_name_MSME Medium,mg_product_name_MSME Medium,engineered from raw fields,0.0
1448,mg_product_name_MSME Micro,mg_product_name_MSME Micro,engineered from raw fields,0.0
1449,mg_product_name_MSME Small,mg_product_name_MSME Small,engineered from raw fields,0.0
1450,mg_product_name_PL,mg_product_name_PL,engineered from raw fields,0.0
1451,mg_product_name_Retail LA TDR,mg_product_name_Retail LA TDR,engineered from raw fields,0.0
1452,mg_product_name_Retail Others,mg_product_name_Retail Others,engineered from raw fields,0.0
1453,mg_product_name_Savings,mg_product_name_Savings,engineered from raw fields,1.0
1454,mg_product_name_Staff Loans,mg_product_name_Staff Loans,engineered from raw fields,0.0
1455,mg_product_name_Term Deposit,mg_product_name_Term Deposit,engineered from raw fields,0.0
1456,mg_area_category_M,mg_area_category_M,engineered from raw fields,0.0
1457,mg_area_category_R,mg_area_category_R,engineered from raw fields,0.0
1458,mg_area_category_SU,mg_area_category_SU,engineered from raw fields,0.0
1459,mg_area_category_U,mg_area_category_U,engineered from raw fields,0.0
1460,mg_cust_occp_agriculture,mg_cust_occp_agriculture,engineered from raw fields,0.0
1461,mg_cust_occp_housewife,mg_cust_occp_housewife,engineered from raw fields,0.0
1462,mg_cust_occp_others,mg_cust_occp_others,engineered from raw fields,0.0
1463,mg_cust_occp_retired,mg_cust_occp_retired,engineered from raw fields,0.0
1464,mg_cust_occp_salaried,mg_cust_occp_salaried,engineered from raw fields,0.0
1465,mg_cust_occp_selfemployed,mg_cust_occp_selfemployed,engineered from raw fields,0.0
1466,mg_cust_occp_student,mg_cust_occp_student,engineered from raw fields,0.0
1467,mg_gender_F,mg_gender_F,engineered from raw fields,0.0
1468,mg_gender_M,mg_gender_M,engineered from raw fields,1.0
1469,mg_gender_O,mg_gender_O,engineered from raw fields,0.0
1470,mg_segmentation_class_CORPORATE,mg_segmentation_class_CORPORATE,engineered from raw fields,0.0
1471,mg_passthrough_7d,mg_passthrough_7d,engineered from raw fields,0.774774
1472,mg_net_flow_7d,mg_net_flow_7d,engineered from raw fields,0.008173
1473,mg_passthrough_14d,mg_passthrough_14d,engineered from raw fields,0.824372
1474,mg_net_flow_14d,mg_net_flow_14d,engineered from raw fields,0.017634
1475,mg_passthrough_31d,mg_passthrough_31d,engineered from raw fields,0.859997
1476,mg_net_flow_31d,mg_net_flow_31d,engineered from raw fields,0.016852
1477,mg_turnover_over_balance_7d,mg_turnover_over_balance_7d,engineered from raw fields,1.478845
1478,mg_turnover_over_balance_14d,mg_turnover_over_balance_14d,engineered from raw fields,2.048454
1479,mg_turnover_over_balance_31d,mg_turnover_over_balance_31d,engineered from raw fields,2.874259
1480,mg_amount_burst_7v31,mg_amount_burst_7v31,engineered from raw fields,2.202443
1481,mg_count_burst_7v31,mg_count_burst_7v31,engineered from raw fields,0.967159
1482,mg_cash_out_share_7d,mg_cash_out_share_7d,engineered from raw fields,0.0
1483,mg_digital_in_cash_out_7d,mg_digital_in_cash_out_7d,engineered from raw fields,163133.5
1484,mg_atm_out_share_7d,mg_atm_out_share_7d,engineered from raw fields,0.0
1485,mg_channel_hhi_7d,mg_channel_hhi_7d,engineered from raw fields,0.514393
1486,mg_channel_active_7d,mg_channel_active_7d,engineered from raw fields,2.0
1487,mg_channel_top_share_7d,mg_channel_top_share_7d,engineered from raw fields,0.609797
1488,mg_avg_ticket_7d,mg_avg_ticket_7d,engineered from raw fields,30489.285156
1489,mg_avg_ticket_31d,mg_avg_ticket_31d,engineered from raw fields,25615.953125
1490,mg_alert_share_morning,mg_alert_share_morning,engineered from raw fields,0.0
1491,mg_alert_share_afternoon,mg_alert_share_afternoon,engineered from raw fields,0.0
1492,mg_alert_share_evening,mg_alert_share_evening,engineered from raw fields,0.0
1493,mg_alert_share_night,mg_alert_share_night,engineered from raw fields,0.0
1494,mg_alert_time_entropy,mg_alert_time_entropy,engineered from raw fields,0.346574
1495,mg_balance_volatility_7d,mg_balance_volatility_7d,engineered from raw fields,0.241879
1496,mg_balance_volatility_31d,mg_balance_volatility_31d,engineered from raw fields,0.229505
1497,mg_occ_deviation_mean,mg_occ_deviation_mean,engineered from raw fields,-0.850726
1498,mg_occ_deviation_max,mg_occ_deviation_max,engineered from raw fields,10.2
1499,mg_occ_deviation_extreme_count,mg_occ_deviation_extreme_count,engineered from raw fields,2.0
1500,mg_row_mean,mg_row_mean,engineered from raw fields,40308.28125
1501,mg_row_std,mg_row_std,engineered from raw fields,511933.8125
1502,mg_row_max,mg_row_max,engineered from raw fields,8524096.0
1503,mg_row_min,mg_row_min,engineered from raw fields,-1.0
1504,mg_row_nonzero_frac,mg_row_nonzero_frac,engineered from raw fields,0.581237
1505,mg_row_range,mg_row_range,engineered from raw fields,10059571.0
